?"megye_en","megye_ro","ev","lakossag","atlagber","gdp","munkanelkuliseg"
"TOTAL","TOTAL","2012","20095996","1507","15012","5.4"
"TOTAL","TOTAL","2013","20020074","1579","16820","5.4"
"TOTAL","TOTAL","2014","19953089","1697","18280","5.1"
"TOTAL","TOTAL","2015","19875542","1859","","4.8"
"TOTAL","TOTAL","2016","19760585","2046","","4.6"
"TOTAL","TOTAL","2017","19643949","2338","","4.6"
"TOTAL","TOTAL","2018","19533481","2642","","4.9"
"TOTAL","TOTAL","2019","19425873","2986","","5"
"TOTAL","TOTAL","2020","19354339","3217","","5"
"TOTAL","TOTAL","2021","19229519","3416","","5.2"
"TOTAL","TOTAL","2022","19042455","3801","","5.4"
"TOTAL","TOTAL","2023","19054548","4412","","5.4"
"TOTAL","TOTAL","2024","19067576","","","5.7"
"Bihor","Bihor","2012","575731","1123","11881","4.6"
"Bihor","Bihor","2013","575270","1155","13277","4.5"
"Bihor","Bihor","2014","573769","1299","14443","4.1"
"Bihor","Bihor","2015","572057","1396","","3.9"
"Bihor","Bihor","2016","568969","1563","","3.6"
"Bihor","Bihor","2017","566381","1871","","3.5"
"Bihor","Bihor","2018","564171","2087","","3.8"
"Bihor","Bihor","2019","561621","2385","","4"
"Bihor","Bihor","2020","560646","2603","","4"
"Bihor","Bihor","2021","557836","2766","","4"
"Bihor","Bihor","2022","552022","3099","","4.1"
"Bihor","Bihor","2023","553963","3609","","4.2"
"Bihor","Bihor","2024","555957","","","4.3"
"Bistrita-Nasaud","Bistri?a-N?s?ud","2012","285468","1159","9475","5.4"
"Bistrita-Nasaud","Bistri?a-N?s?ud","2013","284178","1198","10511","4.9"
"Bistrita-Nasaud","Bistri?a-N?s?ud","2014","283910","1273","11380","5"
"Bistrita-Nasaud","Bistri?a-N?s?ud","2015","283255","1483","","4.5"
"Bistrita-Nasaud","Bistri?a-N?s?ud","2016","282495","1587","","4.3"
"Bistrita-Nasaud","Bistri?a-N?s?ud","2017","281387","1815","","4.2"
"Bistrita-Nasaud","Bistri?a-N?s?ud","2018","280058","2044","","3.9"
"Bistrita-Nasaud","Bistri?a-N?s?ud","2019","278868","2405","","4.4"
"Bistrita-Nasaud","Bistri?a-N?s?ud","2020","278033","2538","","4.2"
"Bistrita-Nasaud","Bistri?a-N?s?ud","2021","276517","2644","","4.4"
"Bistrita-Nasaud","Bistri?a-N?s?ud","2022","295342","2951","","4.5"
"Bistrita-Nasaud","Bistri?a-N?s?ud","2023","296183","3447","","4.8"
"Bistrita-Nasaud","Bistri?a-N?s?ud","2024","297082","","","5.3"
"Cluj","Cluj","2012","693608","1574","21755","3.9"
"Cluj","Cluj","2013","697457","1672","24826","3.9"
"Cluj","Cluj","2014","699097","1857","26859","3.8"
"Cluj","Cluj","2015","700982","2025","","4"
"Cluj","Cluj","2016","701258","2340","","3.9"
"Cluj","Cluj","2017","702780","2668","","3.7"
"Cluj","Cluj","2018","704619","3026","","3.7"
"Cluj","Cluj","2019","706952","3449","","3.7"
"Cluj","Cluj","2020","709872","3744","","3.6"
"Cluj","Cluj","2021","710664","4046","","3.8"
"Cluj","Cluj","2022","683018","4679","","3.8"
"Cluj","Cluj","2023","688930","5344","","3.8"
"Cluj","Cluj","2024","693507","","","3.8"
"Maramures","Maramure?","2012","477180","1153","10914","4.1"
"Maramures","Maramure?","2013","474115","1165","12070","4.1"
"Maramures","Maramure?","2014","472483","1292","13024","4.1"
"Maramures","Maramure?","2015","470714","1376","","3.8"
"Maramures","Maramure?","2016","468333","1572","","3.8"
"Maramures","Maramure?","2017","465423","1886","","3.8"
"Maramures","Maramure?","2018","463306","2127","","4.1"
"Maramures","Maramure?","2019","460756","2437","","4.1"
"Maramures","Maramure?","2020","458927","2595","","4.1"
"Maramures","Maramure?","2021","455160","2721","","4.3"
"Maramures","Maramure?","2022","451484","3068","","4.3"
"Maramures","Maramure?","2023","451622","3562","","4.1"
"Maramures","Maramure?","2024","451881","","","4.1"
"Satu Mare","Satu Mare","2012","343530","1161","10317","4.7"
"Satu Mare","Satu Mare","2013","342118","1279","11647","4.8"
"Satu Mare","Satu Mare","2014","341094","1344","12648","4.6"
"Satu Mare","Satu Mare","2015","339987","1465","","4.3"
"Satu Mare","Satu Mare","2016","338181","1659","","4.2"
"Satu Mare","Satu Mare","2017","336543","1931","","4.3"
"Satu Mare","Satu Mare","2018","334589","2173","","4.1"
"Satu Mare","Satu Mare","2019","332610","2510","","4.3"
"Satu Mare","Satu Mare","2020","331500","2656","","4.3"
"Satu Mare","Satu Mare","2021","329535","2816","","4.6"
"Satu Mare","Satu Mare","2022","330358","3133","","4.6"
"Satu Mare","Satu Mare","2023","330554","3587","","4.8"
"Satu Mare","Satu Mare","2024","330701","","","5.1"
"Salaj","S?laj","2012","223360","1159","12290","6.5"
"Salaj","S?laj","2013","221685","1219","13631","6.4"
"Salaj","S?laj","2014","220479","1327","14755","5.9"
"Salaj","S?laj","2015","219039","1493","","5.5"
"Salaj","S?laj","2016","217331","1604","","5.2"
"Salaj","S?laj","2017","215878","1891","","5"
"Salaj","S?laj","2018","213761","2177","","5.5"
"Salaj","S?laj","2019","211663","2547","","5.6"
"Salaj","S?laj","2020","209982","2677","","5.7"
"Salaj","S?laj","2021","209114","2884","","5.7"
"Salaj","S?laj","2022","211325","3135","","5.9"
"Salaj","S?laj","2023","210661","3690","","6.2"
"Salaj","S?laj","2024","210656","","","6.5"
"Alba","Alba","2012","341479","1276","14460","8.1"
"Alba","Alba","2013","339517","1323","16299","8.1"
"Alba","Alba","2014","337717","1433","17756","7.5"
"Alba","Alba","2015","335915","1588","","6.7"
"Alba","Alba","2016","333488","1767","","6.5"
"Alba","Alba","2017","330954","2057","","6.4"
"Alba","Alba","2018","328264","2375","","6.5"
"Alba","Alba","2019","325475","2664","","6.6"
"Alba","Alba","2020","324071","2846","","6.7"
"Alba","Alba","2021","321199","3070","","6.8"
"Alba","Alba","2022","325703","3325","","7.4"
"Alba","Alba","2023","325776","3837","","8.4"
"Alba","Alba","2024","325697","","","9.2"
"Brasov","Bra?ov","2012","549519","1463","17477","5.1"
"Brasov","Bra?ov","2013","550713","1486","19865","5.2"
"Brasov","Bra?ov","2014","550912","1604","21565","5"
"Brasov","Bra?ov","2015","551160","1783","","4.7"
"Brasov","Bra?ov","2016","550934","2020","","4.4"
"Brasov","Bra?ov","2017","550789","2314","","4.4"
"Brasov","Bra?ov","2018","551185","2609","","4.5"
"Brasov","Bra?ov","2019","552390","2916","","4.5"
"Brasov","Bra?ov","2020","554014","3111","","4.5"
"Brasov","Bra?ov","2021","553807","3319","","4.7"
"Brasov","Bra?ov","2022","548237","3740","","5"
"Brasov","Bra?ov","2023","552793","4404","","4.9"
"Brasov","Bra?ov","2024","557129","","","5"
"Covasna","Covasna","2012","209713","1119","11100","7.5"
"Covasna","Covasna","2013","208976","1179","12297","8.5"
"Covasna","Covasna","2014","208628","1267","13366","8.5"
"Covasna","Covasna","2015","207569","1400","","8"
"Covasna","Covasna","2016","206279","1542","","7.9"
"Covasna","Covasna","2017","204929","1858","","7.7"
"Covasna","Covasna","2018","203471","2098","","8"
"Covasna","Covasna","2019","202113","2379","","7.9"
"Covasna","Covasna","2020","201503","2579","","7.5"
"Covasna","Covasna","2021","200083","2677","","7.3"
"Covasna","Covasna","2022","199903","2993","","7.8"
"Covasna","Covasna","2023","199769","3529","","7.6"
"Covasna","Covasna","2024","199675","","","8"
"Harghita","Harghita","2012","311048","1072","10926","6.9"
"Harghita","Harghita","2013","310842","1130","12230","7"
"Harghita","Harghita","2014","310360","1251","13285","6.8"
"Harghita","Harghita","2015","309133","1375","","5.9"
"Harghita","Harghita","2016","307555","1519","","5.5"
"Harghita","Harghita","2017","305676","1796","","5.4"
"Harghita","Harghita","2018","304219","2059","","6.2"
"Harghita","Harghita","2019","302291","2349","","6.4"
"Harghita","Harghita","2020","301521","2483","","6.4"
"Harghita","Harghita","2021","299163","2687","","6.4"
"Harghita","Harghita","2022","291625","2924","","6.8"
"Harghita","Harghita","2023","291761","3490","","7.3"
"Harghita","Harghita","2024","292148","","","7.2"
"Mures","Mure?","2012","550214","1315","12359","6.8"
"Mures","Mure?","2013","549097","1386","13742","6.7"
"Mures","Mure?","2014","547861","1509","14937","6.1"
"Mures","Mure?","2015","546532","1630","","5.7"
"Mures","Mure?","2016","543726","1853","","5.3"
"Mures","Mure?","2017","540719","2112","","5.2"
"Mures","Mure?","2018","538214","2459","","5.2"
"Mures","Mure?","2019","535202","2739","","5.4"
"Mures","Mure?","2020","533355","2975","","5.5"
"Mures","Mure?","2021","529593","3117","","5.9"
"Mures","Mure?","2022","518978","3456","","6.1"
"Mures","Mure?","2023","519344","4041","","6"
"Mures","Mure?","2024","519831","","","6.3"
"Sibiu","Sibiu","2012","398605","1429","15486","4.3"
"Sibiu","Sibiu","2013","400260","1543","17622","4.4"
"Sibiu","Sibiu","2014","400268","1616","19079","4.3"
"Sibiu","Sibiu","2015","400230","1822","","4"
"Sibiu","Sibiu","2016","399982","2046","","3.7"
"Sibiu","Sibiu","2017","399724","2315","","3.6"
"Sibiu","Sibiu","2018","400018","2626","","4"
"Sibiu","Sibiu","2019","400988","2976","","4.1"
"Sibiu","Sibiu","2020","401352","3165","","4.1"
"Sibiu","Sibiu","2021","400291","3442","","4.3"
"Sibiu","Sibiu","2022","388898","3775","","4.6"
"Sibiu","Sibiu","2023","391413","4392","","4.5"
"Sibiu","Sibiu","2024","393581","","","4.7"
"Bacau","Bac?u","2012","614316","1288","9283","6.3"
"Bacau","Bac?u","2013","609948","1355","10445","6"
"Bacau","Bac?u","2014","606975","1455","11421","5.9"
"Bacau","Bac?u","2015","604567","1581","","5.5"
"Bacau","Bac?u","2016","600549","1739","","5.5"
"Bacau","Bac?u","2017","595534","2031","","5.3"
"Bacau","Bac?u","2018","591053","2270","","5.8"
"Bacau","Bac?u","2019","585548","2603","","5.9"
"Bacau","Bac?u","2020","582495","2825","","5.7"
"Bacau","Bac?u","2021","576683","2977","","6"
"Bacau","Bac?u","2022","599415","3335","","6.3"
"Bacau","Bac?u","2023","597583","3948","","6.4"
"Bacau","Bac?u","2024","595888","","","6.6"
"Botosani","Boto?ani","2012","410706","1126","6906","4.1"
"Botosani","Boto?ani","2013","406330","1216","7594","4.2"
"Botosani","Boto?ani","2014","403205","1347","8168","3.7"
"Botosani","Boto?ani","2015","399273","1491","","3.4"
"Botosani","Boto?ani","2016","394625","1571","","3.2"
"Botosani","Boto?ani","2017","390320","1887","","3.1"
"Botosani","Boto?ani","2018","385268","2174","","3.6"
"Botosani","Boto?ani","2019","380142","2501","","3.9"
"Botosani","Boto?ani","2020","377679","2671","","3.9"
"Botosani","Boto?ani","2021","373239","2695","","4.1"
"Botosani","Boto?ani","2022","391095","2958","","4.2"
"Botosani","Boto?ani","2023","389513","3430","","4.4"
"Botosani","Boto?ani","2024","389748","","","4.7"
"Iasi","Ia?i","2012","772979","1371","12981","5.5"
"Iasi","Ia?i","2013","775165","1499","14403","5.5"
"Iasi","Ia?i","2014","781503","1649","15623","5.5"
"Iasi","Ia?i","2015","787589","1798","","5.4"
"Iasi","Ia?i","2016","788659","1940","","5.5"
"Iasi","Ia?i","2017","789935","2338","","5.4"
"Iasi","Ia?i","2018","791753","2691","","5.7"
"Iasi","Ia?i","2019","794706","3125","","5.7"
"Iasi","Ia?i","2020","794979","3327","","5.6"
"Iasi","Ia?i","2021","797131","3557","","5.4"
"Iasi","Ia?i","2022","765670","3939","","5.3"
"Iasi","Ia?i","2023","774025","4568","","5.1"
"Iasi","Ia?i","2024","778689","","","5.2"
"Neamt","Neam?","2012","468429","1123","8995","5.3"
"Neamt","Neam?","2013","464758","1198","9878","5.3"
"Neamt","Neam?","2014","462109","1274","10710","5.1"
"Neamt","Neam?","2015","459457","1359","","4.7"
"Neamt","Neam?","2016","455643","1575","","4.6"
"Neamt","Neam?","2017","451544","1866","","4.5"
"Neamt","Neam?","2018","447232","2083","","4.8"
"Neamt","Neam?","2019","442132","2395","","5"
"Neamt","Neam?","2020","439179","2590","","5"
"Neamt","Neam?","2021","433852","2713","","5.1"
"Neamt","Neam?","2022","452038","3041","","5.4"
"Neamt","Neam?","2023","449335","3542","","5.4"
"Neamt","Neam?","2024","447776","","","5.8"
"Suceava","Suceava","2012","633658","1148","8088","5.1"
"Suceava","Suceava","2013","632210","1256","8833","5.2"
"Suceava","Suceava","2014","631760","1352","9490","5"
"Suceava","Suceava","2015","631309","1489","","4.6"
"Suceava","Suceava","2016","629733","1593","","4.5"
"Suceava","Suceava","2017","628316","1876","","4.5"
"Suceava","Suceava","2018","627439","2118","","4.6"
"Suceava","Suceava","2019","625969","2445","","4.9"
"Suceava","Suceava","2020","625431","2646","","5.2"
"Suceava","Suceava","2021","622665","2737","","5.5"
"Suceava","Suceava","2022","640776","3042","","5.8"
"Suceava","Suceava","2023","642165","3588","","5.5"
"Suceava","Suceava","2024","645196","","","6.2"
"Vaslui","Vaslui","2012","394116","1125","6603","10.1"
"Vaslui","Vaslui","2013","390387","1172","7498","10.3"
"Vaslui","Vaslui","2014","389873","1304","8123","9.8"
"Vaslui","Vaslui","2015","390015","1387","","9.2"
"Vaslui","Vaslui","2016","387525","1627","","8.8"
"Vaslui","Vaslui","2017","383924","1877","","8.6"
"Vaslui","Vaslui","2018","379987","2161","","8.8"
"Vaslui","Vaslui","2019","374303","2482","","9"
"Vaslui","Vaslui","2020","373127","2673","","9"
"Vaslui","Vaslui","2021","369345","2711","","9.5"
"Vaslui","Vaslui","2022","372825","2981","","9.9"
"Vaslui","Vaslui","2023","371592","3446","","10.1"
"Vaslui","Vaslui","2024","369517","","","10.6"
"Braila","Br?ila","2012","319674","1178","10822","6.2"
"Braila","Br?ila","2013","315598","1263","12168","6.1"
"Braila","Br?ila","2014","312152","1348","13294","5.9"
"Braila","Br?ila","2015","308203","1462","","5.5"
"Braila","Br?ila","2016","303608","1587","","5.4"
"Braila","Br?ila","2017","299087","1859","","5.3"
"Braila","Br?ila","2018","294097","2119","","5.5"
"Braila","Br?ila","2019","289534","2428","","5.7"
"Braila","Br?ila","2020","286021","2607","","5.8"
"Braila","Br?ila","2021","280796","2693","","6"
"Braila","Br?ila","2022","280189","2972","","6.3"
"Braila","Br?ila","2023","277005","3446","","6.5"
"Braila","Br?ila","2024","274751","","","6.8"
"Buzau","Buz?u","2012","449218","1231","10149","8.2"
"Buzau","Buz?u","2013","444993","1294","11257","8.4"
"Buzau","Buz?u","2014","441016","1326","12265","7.7"
"Buzau","Buz?u","2015","436478","1484","","7.3"
"Buzau","Buz?u","2016","431015","1644","","6.9"
"Buzau","Buz?u","2017","425842","1903","","6.7"
"Buzau","Buz?u","2018","419831","2170","","7.1"
"Buzau","Buz?u","2019","413808","2450","","7.5"
"Buzau","Buz?u","2020","409388","2644","","7.5"
"Buzau","Buz?u","2021","403937","2773","","7.8"
"Buzau","Buz?u","2022","403807","2996","","8.1"
"Buzau","Buz?u","2023","400744","3595","","7.9"
"Buzau","Buz?u","2024","398344","","","8.4"
"Constanta","Constan?a","2012","683866","1424","16906","4.6"
"Constanta","Constan?a","2013","684458","1486","18832","4.7"
"Constanta","Constan?a","2014","684392","1571","20490","4.5"
"Constanta","Constan?a","2015","683329","1735","","4"
"Constanta","Constan?a","2016","681054","1871","","3.6"
"Constanta","Constan?a","2017","678316","2117","","3.5"
"Constanta","Constan?a","2018","676095","2377","","3.6"
"Constanta","Constan?a","2019","673764","2651","","3.8"
"Constanta","Constan?a","2020","672451","2918","","3.9"
"Constanta","Constan?a","2021","668329","3034","","4"
"Constanta","Constan?a","2022","656004","3378","","4.6"
"Constanta","Constan?a","2023","657060","4028","","4.5"
"Constanta","Constan?a","2024","657419","","","4.7"
"Galati","Gala?i","2012","534577","1351","9965","8.1"
"Galati","Gala?i","2013","530914","1435","10948","8.1"
"Galati","Gala?i","2014","528216","1576","11936","7.7"
"Galati","Gala?i","2015","524751","1643","","7.2"
"Galati","Gala?i","2016","520058","1740","","7"
"Galati","Gala?i","2017","515297","2007","","6.9"
"Galati","Gala?i","2018","510865","2290","","7.6"
"Galati","Gala?i","2019","506135","2602","","7.7"
"Galati","Gala?i","2020","503506","2809","","7.9"
"Galati","Gala?i","2021","499364","2947","","8.2"
"Galati","Gala?i","2022","495000","3256","","8.7"
"Galati","Gala?i","2023","494323","3822","","8.9"
"Galati","Gala?i","2024","493009","","","9.2"
"Tulcea","Tulcea","2012","212012","1274","11747","5.8"
"Tulcea","Tulcea","2013","210119","1381","12996","5.7"
"Tulcea","Tulcea","2014","208289","1482","14179","5.4"
"Tulcea","Tulcea","2015","206013","1578","","4.8"
"Tulcea","Tulcea","2016","203196","1706","","4.5"
"Tulcea","Tulcea","2017","200706","2009","","4.5"
"Tulcea","Tulcea","2018","197734","2298","","4.7"
"Tulcea","Tulcea","2019","194439","2593","","5"
"Tulcea","Tulcea","2020","192163","2821","","5.1"
"Tulcea","Tulcea","2021","189747","2899","","5.5"
"Tulcea","Tulcea","2022","192568","3146","","5.9"
"Tulcea","Tulcea","2023","190998","3525","","5.9"
"Tulcea","Tulcea","2024","189336","","","6.2"
"Vrancea","Vrancea","2012","339602","1136","8523","5.6"
"Vrancea","Vrancea","2013","337272","1196","9569","5.5"
"Vrancea","Vrancea","2014","335738","1300","10379","5.4"
"Vrancea","Vrancea","2015","333808","1440","","5"
"Vrancea","Vrancea","2016","330937","1556","","4.7"
"Vrancea","Vrancea","2017","328057","1800","","4.8"
"Vrancea","Vrancea","2018","324437","2083","","5.1"
"Vrancea","Vrancea","2019","320722","2389","","5.2"
"Vrancea","Vrancea","2020","317778","2561","","5.3"
"Vrancea","Vrancea","2021","314494","2648","","5.5"
"Vrancea","Vrancea","2022","334056","2888","","5.6"
"Vrancea","Vrancea","2023","333032","3344","","5.5"
"Vrancea","Vrancea","2024","332313","","","5.5"
"Arges","Arge?","2012","611024","1541","13355","5.7"
"Arges","Arge?","2013","606789","1649","15323","5.7"
"Arges","Arge?","2014","604153","1785","16766","5.4"
"Arges","Arge?","2015","600301","1943","","5"
"Arges","Arge?","2016","595764","2074","","4.9"
"Arges","Arge?","2017","590522","2318","","4.8"
"Arges","Arge?","2018","585713","2562","","5.1"
"Arges","Arge?","2019","579904","2908","","5.4"
"Arges","Arge?","2020","575197","3043","","5.3"
"Arges","Arge?","2021","567851","3222","","5.5"
"Arges","Arge?","2022","566903","3487","","6"
"Arges","Arge?","2023","565643","4106","","6.1"
"Arges","Arge?","2024","564829","","","6.3"
"Calarasi","C?l?ra?i","2012","305779","1178","7887","6.4"
"Calarasi","C?l?ra?i","2013","303881","1258","8745","6.3"
"Calarasi","C?l?ra?i","2014","301326","1365","9588","6.1"
"Calarasi","C?l?ra?i","2015","298763","1435","","5.6"
"Calarasi","C?l?ra?i","2016","295505","1624","","5.4"
"Calarasi","C?l?ra?i","2017","292841","1940","","5.4"
"Calarasi","C?l?ra?i","2018","288061","2203","","6"
"Calarasi","C?l?ra?i","2019","284393","2539","","6"
"Calarasi","C?l?ra?i","2020","280483","2769","","6"
"Calarasi","C?l?ra?i","2021","278105","2808","","6.3"
"Calarasi","C?l?ra?i","2022","281974","3189","","7"
"Calarasi","C?l?ra?i","2023","280478","3602","","7.2"
"Calarasi","C?l?ra?i","2024","279349","","","7.5"
"Dambovita","D?mbovi?a","2012","517657","1323","10371","6.4"
"Dambovita","D?mbovi?a","2013","515623","1412","11439","6.5"
"Dambovita","D?mbovi?a","2014","512741","1488","12338","6.4"
"Dambovita","D?mbovi?a","2015","509552","1570","","5.7"
"Dambovita","D?mbovi?a","2016","505219","1736","","5.6"
"Dambovita","D?mbovi?a","2017","501269","2000","","5.6"
"Dambovita","D?mbovi?a","2018","496213","2243","","6.2"
"Dambovita","D?mbovi?a","2019","491368","2513","","6.3"
"Dambovita","D?mbovi?a","2020","487387","2727","","6.5"
"Dambovita","D?mbovi?a","2021","483351","2847","","7.2"
"Dambovita","D?mbovi?a","2022","478594","3122","","7.5"
"Dambovita","D?mbovi?a","2023","477214","3672","","7.5"
"Dambovita","D?mbovi?a","2024","476962","","","7.6"
"Giurgiu","Giurgiu","2012","281295","1240","7156","5.8"
"Giurgiu","Giurgiu","2013","281989","1332","8034","5.8"
"Giurgiu","Giurgiu","2014","278473","1413","8791","5.7"
"Giurgiu","Giurgiu","2015","276664","1546","","5.5"
"Giurgiu","Giurgiu","2016","274570","1724","","5.4"
"Giurgiu","Giurgiu","2017","273989","2018","","5.3"
"Giurgiu","Giurgiu","2018","269239","2340","","6.2"
"Giurgiu","Giurgiu","2019","266207","2672","","6.2"
"Giurgiu","Giurgiu","2020","263329","2892","","6.2"
"Giurgiu","Giurgiu","2021","261109","2947","","5.9"
"Giurgiu","Giurgiu","2022","260200","3264","","6"
"Giurgiu","Giurgiu","2023","258714","3772","","5.9"
"Giurgiu","Giurgiu","2024","258661","","","6"
"Ialomita","Ialomi?a","2012","273317","1212","9810","8"
"Ialomita","Ialomi?a","2013","271030","1239","10855","7.8"
"Ialomita","Ialomi?a","2014","269386","1362","11962","7.6"
"Ialomita","Ialomi?a","2015","267230","1446","","6.8"
"Ialomita","Ialomi?a","2016","264733","1579","","5.9"
"Ialomita","Ialomi?a","2017","262237","1890","","6"
"Ialomita","Ialomi?a","2018","259143","2162","","6.2"
"Ialomita","Ialomi?a","2019","256499","2434","","6.3"
"Ialomita","Ialomi?a","2020","255032","2651","","6.5"
"Ialomita","Ialomi?a","2021","252735","2793","","6.6"
"Ialomita","Ialomi?a","2022","250420","3114","","7.2"
"Ialomita","Ialomi?a","2023","249865","3618","","7.7"
"Ialomita","Ialomi?a","2024","249364","","","8.1"
"Prahova","Prahova","2012","761699","1510","15338","5.8"
"Prahova","Prahova","2013","756635","1542","17315","5.7"
"Prahova","Prahova","2014","752405","1687","18848","5.3"
"Prahova","Prahova","2015","747634","1832","","5.1"
"Prahova","Prahova","2016","740483","1950","","5.1"
"Prahova","Prahova","2017","732847","2235","","5.1"
"Prahova","Prahova","2018","725599","2449","","5.4"
"Prahova","Prahova","2019","718098","2813","","5.7"
"Prahova","Prahova","2020","712725","3021","","5.7"
"Prahova","Prahova","2021","703580","3207","","5.7"
"Prahova","Prahova","2022","694490","3621","","5.7"
"Prahova","Prahova","2023","691202","4162","","5.6"
"Prahova","Prahova","2024","688976","","","5.8"
"Teleorman","Teleorman","2012","378028","1168","9233","9"
"Teleorman","Teleorman","2013","372203","1236","10570","9.1"
"Teleorman","Teleorman","2014","367239","1320","11549","8.9"
"Teleorman","Teleorman","2015","361615","1415","","8.6"
"Teleorman","Teleorman","2016","355281","1591","","8.5"
"Teleorman","Teleorman","2017","349628","1872","","8.5"
"Teleorman","Teleorman","2018","341447","2079","","9.2"
"Teleorman","Teleorman","2019","334217","2360","","9.3"
"Teleorman","Teleorman","2020","329058","2539","","9.2"
"Teleorman","Teleorman","2021","324405","2579","","9.6"
"Teleorman","Teleorman","2022","322228","2881","","10"
"Teleorman","Teleorman","2023","318023","3353","","9.6"
"Teleorman","Teleorman","2024","315482","","","9.9"
"Ilfov","Ilfov","2012","392279","1994","14466","1.8"
"Ilfov","Ilfov","2013","406855","1960","15721","1.7"
"Ilfov","Ilfov","2014","417850","2087","16956","1.6"
"Ilfov","Ilfov","2015","430805","2267","","1.5"
"Ilfov","Ilfov","2016","444241","2380","","1.4"
"Ilfov","Ilfov","2017","460486","2610","","1.5"
"Ilfov","Ilfov","2018","473422","2871","","1.6"
"Ilfov","Ilfov","2019","485307","3163","","1.8"
"Ilfov","Ilfov","2020","486869","3348","","1.7"
"Ilfov","Ilfov","2021","503675","3489","","1.8"
"Ilfov","Ilfov","2022","545403","3958","","1.9"
"Ilfov","Ilfov","2023","564854","4602","","1.8"
"Ilfov","Ilfov","2024","583663","","","1.8"
"Bucuresti","Bucure?ti","2012","1886866","2213","41971","2"
"Bucuresti","Bucure?ti","2013","1875389","2304","46968","2"
"Bucuresti","Bucure?ti","2014","1865563","2441","50751","2"
"Bucuresti","Bucure?ti","2015","1853638","2696","","2"
"Bucuresti","Bucure?ti","2016","1843962","2925","","2"
"Bucuresti","Bucure?ti","2017","1826579","3272","","2"
"Bucuresti","Bucure?ti","2018","1828869","3666","","2.1"
"Bucuresti","Bucure?ti","2019","1832802","4068","","2.1"
"Bucuresti","Bucure?ti","2020","1841052","4408","","2.1"
"Bucuresti","Bucure?ti","2021","1828781","4755","","2.1"
"Bucuresti","Bucure?ti","2022","1722865","5304","","2.1"
"Bucuresti","Bucure?ti","2023","1725271","6053","","2"
"Bucuresti","Bucure?ti","2024","1721784","","","2"
"Dolj","Dolj","2012","659016","1370","11919","9.2"
"Dolj","Dolj","2013","654456","1465","13448","9.1"
"Dolj","Dolj","2014","650767","1541","14641","9"
"Dolj","Dolj","2015","646620","1672","","8.6"
"Dolj","Dolj","2016","641040","1824","","8.4"
"Dolj","Dolj","2017","635606","2128","","8.4"
"Dolj","Dolj","2018","631026","2458","","8.6"
"Dolj","Dolj","2019","626017","2766","","9.1"
"Dolj","Dolj","2020","622148","2967","","9"
"Dolj","Dolj","2021","616653","3107","","9.2"
"Dolj","Dolj","2022","599558","3433","","9.6"
"Dolj","Dolj","2023","599567","4018","","9.4"
"Dolj","Dolj","2024","598371","","","9.9"
"Gorj","Gorj","2012","340030","1584","13845","7.9"
"Gorj","Gorj","2013","336995","1608","15366","7.9"
"Gorj","Gorj","2014","334849","1761","16718","7.4"
"Gorj","Gorj","2015","331428","1782","","7.1"
"Gorj","Gorj","2016","327537","1862","","6.3"
"Gorj","Gorj","2017","323634","2137","","6.1"
"Gorj","Gorj","2018","319903","2387","","6.7"
"Gorj","Gorj","2019","315508","2657","","7.1"
"Gorj","Gorj","2020","312035","2858","","7.1"
"Gorj","Gorj","2021","307972","3008","","7.3"
"Gorj","Gorj","2022","313023","3359","","7.4"
"Gorj","Gorj","2023","311298","3975","","7.7"
"Gorj","Gorj","2024","310056","","","7.9"
"Mehedinti","Mehedin?i","2012","264338","1294","9913","9.9"
"Mehedinti","Mehedin?i","2013","261670","1367","11038","9.7"
"Mehedinti","Mehedin?i","2014","259026","1475","12160","9.5"
"Mehedinti","Mehedin?i","2015","256011","1544","","8.7"
"Mehedinti","Mehedin?i","2016","252600","1630","","8.6"
"Mehedinti","Mehedin?i","2017","249336","1897","","8.2"
"Mehedinti","Mehedin?i","2018","244960","2184","","8.8"
"Mehedinti","Mehedin?i","2019","241153","2476","","8.9"
"Mehedinti","Mehedin?i","2020","238830","2686","","8.8"
"Mehedinti","Mehedin?i","2021","236362","2751","","9.3"
"Mehedinti","Mehedin?i","2022","233631","2954","","9.5"
"Mehedinti","Mehedin?i","2023","231407","3502","","9.5"
"Mehedinti","Mehedin?i","2024","230094","","","9.9"
"Olt","Olt","2012","433839","1317","9512","7"
"Olt","Olt","2013","428160","1379","10660","7"
"Olt","Olt","2014","423445","1558","11574","6.5"
"Olt","Olt","2015","418463","1624","","6.2"
"Olt","Olt","2016","412491","1753","","5.9"
"Olt","Olt","2017","407717","2044","","5.9"
"Olt","Olt","2018","400763","2343","","7"
"Olt","Olt","2019","394448","2685","","7.1"
"Olt","Olt","2020","389906","2864","","7.3"
"Olt","Olt","2021","385935","3029","","7.4"
"Olt","Olt","2022","381722","3289","","7.8"
"Olt","Olt","2023","378533","3877","","7.7"
"Olt","Olt","2024","376539","","","8"
"Valcea","V?lcea","2012","370134","1282","11704","5.6"
"Valcea","V?lcea","2013","367421","1295","13003","5.6"
"Valcea","V?lcea","2014","365697","1337","14195","5.1"
"Valcea","V?lcea","2015","363270","1431","","4.6"
"Valcea","V?lcea","2016","359814","1601","","4.3"
"Valcea","V?lcea","2017","356647","1854","","4.2"
"Valcea","V?lcea","2018","353161","2104","","4.9"
"Valcea","V?lcea","2019","350089","2414","","5.1"
"Valcea","V?lcea","2020","348495","2606","","5.2"
"Valcea","V?lcea","2021","346039","2694","","5.3"
"Valcea","V?lcea","2022","341629","2950","","5.8"
"Valcea","V?lcea","2023","340875","3435","","6.1"
"Valcea","V?lcea","2024","340637","","","7"
"Arad","Arad","2012","430683","1338","13366","3.6"
"Arad","Arad","2013","429625","1402","14730","3.6"
"Arad","Arad","2014","428079","1492","16086","3.4"
"Arad","Arad","2015","426517","1671","","3.3"
"Arad","Arad","2016","424075","1819","","3.3"
"Arad","Arad","2017","421954","2103","","3.3"
"Arad","Arad","2018","419135","2388","","3.5"
"Arad","Arad","2019","417274","2611","","3.5"
"Arad","Arad","2020","415914","2761","","3.5"
"Arad","Arad","2021","413035","2972","","3.5"
"Arad","Arad","2022","410267","3236","","3.6"
"Arad","Arad","2023","410414","3823","","3.6"
"Arad","Arad","2024","410871","","","3.7"
"Caras-Severin","Cara?-Severin","2012","294575","1213","11500","5.7"
"Caras-Severin","Cara?-Severin","2013","291874","1227","13503","5.6"
"Caras-Severin","Cara?-Severin","2014","289011","1326","15034","5.2"
"Caras-Severin","Cara?-Severin","2015","286205","1459","","4.8"
"Caras-Severin","Cara?-Severin","2016","282467","1637","","4.4"
"Caras-Severin","Cara?-Severin","2017","279123","1869","","4.2"
"Caras-Severin","Cara?-Severin","2018","275041","2142","","4.5"
"Caras-Severin","Cara?-Severin","2019","271379","2462","","4.7"
"Caras-Severin","Cara?-Severin","2020","269810","2650","","4.8"
"Caras-Severin","Cara?-Severin","2021","266592","2759","","5.1"
"Caras-Severin","Cara?-Severin","2022","246314","3045","","5.4"
"Caras-Severin","Cara?-Severin","2023","244885","3573","","5.5"
"Caras-Severin","Cara?-Severin","2024","243685","","","5.8"
"Hunedoara","Hunedoara","2012","417008","1289","11778","6.1"
"Hunedoara","Hunedoara","2013","412336","1311","13371","6.4"
"Hunedoara","Hunedoara","2014","408002","1393","14745","6.1"
"Hunedoara","Hunedoara","2015","403701","1524","","5.6"
"Hunedoara","Hunedoara","2016","398950","1600","","5.2"
"Hunedoara","Hunedoara","2017","393198","1898","","5"
"Hunedoara","Hunedoara","2018","388614","2088","","5.5"
"Hunedoara","Hunedoara","2019","383787","2426","","5.5"
"Hunedoara","Hunedoara","2020","380511","2617","","5.4"
"Hunedoara","Hunedoara","2021","374298","2731","","5.7"
"Hunedoara","Hunedoara","2022","360679","2984","","6.3"
"Hunedoara","Hunedoara","2023","357554","3474","","6.6"
"Hunedoara","Hunedoara","2024","354879","","","7"
"Timis","Timi?","2012","685821","1581","19940","1.9"
"Timis","Timi?","2013","690763","1704","22723","1.9"
"Timis","Timi?","2014","693271","1836","24612","1.9"
"Timis","Timi?","2015","695760","2060","","1.8"
"Timis","Timi?","2016","696720","2343","","1.6"
"Timis","Timi?","2017","698275","2562","","1.6"
"Timis","Timi?","2018","701506","2922","","1.7"
"Timis","Timi?","2019","705292","3310","","1.8"
"Timis","Timi?","2020","706585","3536","","1.8"
"Timis","Timi?","2021","706497","3845","","1.8"
"Timis","Timi?","2022","652219","4251","","1.9"
"Timis","Timi?","2023","658607","4910","","2"
"Timis","Timi?","2024","663543","","","2"