,date,EUR - RON (valutaárfolyam),EUR - RON (megváltozás),EUR - RON (volatilitas),USD - RON (valutaárfolyam),USD - RON (megváltozás),USD - RON (volatilitas),EUR - HUF (valutaárfolyam),EUR - HUF (megváltozás),EUR - HUF (volatilitas),USD - HUF (valutaárfolyam),USD - HUF (megváltozás),USD - HUF (volatilitas),EUR - CZK (valutaárfolyam),EUR - CZK (megváltozás),EUR - CZK (volatilitas),USD - CZK (valutaárfolyam),USD - CZK (megváltozás),USD - CZK (volatilitas),EUR - PLN (valutaárfolyam),EUR - PLN (megváltozás),EUR - PLN (volatilitas),USD - PLN (valutaárfolyam),USD - PLN (megváltozás),USD - PLN (volatilitas),Unnamed: 25
0,Feb 19 2019,4.7772,nan,nan,4.4202,nan,nan,335.345,nan,nan,310.814,nan,nan,24.9448,nan,nan,23.0969,nan,nan,4.2663,nan,nan,3.9524,nan,nan,nan
1,Feb 20 2020,4.7774,0.00,nan,4.4166,-0.08,nan,336.692,0.40,nan,311.57,0.24,nan,24.9449,0.00,nan,23.0668,-0.13,nan,4.2694,0.07,nan,3.9504,-0.05,nan,nan
2,Feb 21 2020,4.7933,0.33,nan,4.4401,0.53,nan,337.957,0.38,nan,313.33,0.56,nan,25.0467,0.41,nan,23.2087,0.61,nan,4.2769,0.18,nan,3.9648,0.36,nan,nan
3,Feb 24 2020,4.7946,0.03,nan,4.4171,-0.52,nan,336.893,-0.32,nan,310.883,-0.78,nan,25.0514,0.02,nan,23.1176,-0.39,nan,4.2917,0.35,nan,3.9599,-0.12,nan,nan
4,Feb 25 2020,4.8065,0.25,nan,4.4239,0.15,nan,337.91,0.30,nan,311.64,0.24,nan,25.2397,0.75,nan,23.2536,0.59,nan,4.3061,0.33,nan,3.9699,0.25,nan,nan
5,Feb 26 2020,4.8067,0.00,0.19,4.4153,-0.19,0.35,338.326,0.12,0.32,311.21,-0.14,0.46,25.2358,-0.02,0.38,23.1883,-0.28,0.44,4.3054,-0.02,0.23,3.9573,-0.32,0.25,nan
6,Feb 27 2020,4.805,-0.04,0.19,4.4135,-0.04,0.35,339.077,0.22,0.28,311.47,0.08,0.45,25.3306,0.37,0.42,23.2635,0.32,0.46,4.3137,0.19,0.24,3.9647,0.19,0.26,nan
7,Feb 28 2020,4.8088,0.08,0.12,4.362,-1.17,0.58,338.88,-0.06,0.23,308.27,-1.03,0.59,25.2898,-0.16,0.38,23.0024,-1.13,0.63,4.3217,0.19,0.25,3.9301,-0.88,0.44,nan
8,Mar 02 2020,4.813,0.09,0.12,4.3807,0.43,0.57,337.738,-0.34,0.23,305.634,-0.86,0.61,25.4416,0.60,0.47,23.032,0.13,0.60,4.332,0.24,0.22,3.9219,-0.21,0.45,nan
9,Mar 03 2020,4.8072,-0.12,0.08,4.3102,-1.62,0.92,336.973,-0.23,0.22,302.402,-1.06,0.77,25.4812,0.16,0.33,22.867,-0.72,0.63,4.3146,-0.40,0.24,3.8742,-1.22,0.70,nan
10,Mar 04 2020,4.8071,0.00,0.08,4.2971,-0.30,0.93,335.666,-0.39,0.27,300.335,-0.69,0.83,25.3928,-0.35,0.37,22.72,-0.64,0.68,4.3073,-0.17,0.25,3.855,-0.50,0.72,nan
11,Mar 05 2020,4.8037,-0.07,0.08,4.3089,0.27,0.93,335.542,-0.04,0.25,301.259,0.31,0.84,25.2764,-0.46,0.38,22.68,-0.18,0.67,4.2958,-0.27,0.27,3.8561,0.03,0.72,nan
12,Mar 06 2020,4.8091,0.11,0.09,4.281,-0.65,0.83,336.146,0.18,0.26,299.536,-0.57,0.74,25.3516,0.30,0.40,22.589,-0.40,0.48,4.3039,0.19,0.27,3.8371,-0.49,0.64,nan
13,Mar 09 2020,4.813,0.08,0.09,4.2523,-0.67,0.86,335.441,-0.21,0.24,294.709,-1.62,0.97,25.4125,0.24,0.32,22.3245,-1.18,0.71,4.3127,0.20,0.26,3.7893,-1.25,0.84,nan
14,Mar 10 2020,4.8172,0.09,0.08,4.2258,-0.63,0.54,335.313,-0.04,0.21,294.71,0.00,0.84,25.5817,0.66,0.43,22.4365,0.50,0.67,4.3277,0.35,0.24,3.7972,0.21,0.65,nan
15,Mar 11 2020,4.8189,0.04,0.08,4.2543,0.67,0.60,334.642,-0.20,0.15,295.67,0.33,0.80,25.6086,0.11,0.40,22.6245,0.83,0.71,4.3035,-0.56,0.34,3.8029,0.15,0.61,nan
16,Mar 12 2020,4.8177,-0.02,0.08,4.2734,0.45,0.62,336.459,0.54,0.29,298.796,1.05,0.91,25.764,0.60,0.44,22.8685,1.07,0.85,4.3257,0.51,0.39,3.8415,1.01,0.76,nan
17,Mar 13 2020,4.8226,0.10,0.07,4.3088,0.82,0.66,337.679,0.36,0.32,301.974,1.06,1.00,26.1967,1.67,0.85,23.426,2.41,1.36,4.3756,1.15,0.64,3.9162,1.93,1.13,nan
18,Mar 16 2020,4.8215,-0.02,0.06,4.3541,1.05,0.75,338.076,0.12,0.31,303.196,0.40,0.71,26.2311,0.13,0.85,23.515,0.38,1.27,4.3689,-0.15,0.64,3.9178,0.04,0.98,nan
19,Mar 17 2020,4.8303,0.18,0.10,4.3316,-0.52,0.73,344.17,1.79,0.86,308.045,1.59,1.00,27.2492,3.81,1.88,24.4388,3.85,2.13,4.4357,1.52,0.92,3.9746,1.44,1.17,nan
20,Mar 18 2020,4.845,0.30,0.17,4.3983,1.53,0.96,346.791,0.76,0.92,314.875,2.19,1.39,27.1078,-0.52,1.89,24.593,0.63,2.11,4.4655,0.67,0.93,4.0568,2.05,1.48,nan
21,Mar 19 2020,4.8528,0.16,0.18,4.4518,1.21,1.08,352.751,1.70,1.17,322.38,2.36,1.68,27.6112,1.84,2.05,25.205,2.46,2.33,4.4912,0.57,0.94,4.0978,1.01,1.48,nan
22,Mar 20 2020,4.8449,-0.16,0.19,4.5424,2.01,1.36,356.69,1.11,1.26,334.61,3.72,2.32,27.7353,0.45,1.92,26.0265,3.21,2.52,4.5559,1.43,1.01,4.2738,4.21,2.23,nan
23,Mar 23 2020,4.8484,0.07,0.19,4.5369,-0.12,1.28,349.597,-2.01,1.55,327.035,-2.29,2.53,27.2144,-1.90,2.10,25.45,-2.24,2.71,4.5006,-1.22,1.15,4.2094,-1.52,2.34,nan
24,Mar 24 2020,4.8475,-0.02,0.17,4.4996,-0.83,1.31,350.532,0.27,1.33,325.656,-0.42,2.43,27.7586,1.98,1.51,25.8258,1.47,2.19,4.5999,2.18,1.35,4.282,1.71,2.37,nan
25,Mar 25 2020,4.8389,-0.18,0.13,4.4744,-0.56,1.14,354.224,1.05,1.37,327.934,0.70,2.25,27.6802,-0.28,1.50,25.6417,-0.72,2.19,4.605,0.11,1.31,4.2609,-0.49,2.20,nan
26,Mar 26 2020,4.8325,-0.13,0.13,4.4338,-0.91,1.09,352.132,-0.59,1.17,323.208,-1.45,2.09,27.3685,-1.13,1.35,25.1475,-1.95,2.09,4.5629,-0.92,1.35,4.187,-1.75,2.29,nan
27,Mar 27 2020,4.8325,0.00,0.10,4.3714,-1.42,0.88,354.851,0.77,1.11,321.211,-0.62,1.30,27.1549,-0.78,1.38,24.574,-2.31,1.83,4.5112,-1.14,1.30,4.0836,-2.50,1.72,nan
28,Mar 30 2020,4.8349,0.05,0.10,4.3362,-0.81,0.95,356.438,0.45,0.68,320.48,-0.23,0.80,27.2982,0.53,1.11,24.5647,-0.04,1.53,4.5326,0.47,1.20,4.0733,-0.25,1.58,nan
29,Mar 31 2020,4.8279,-0.14,0.12,4.3755,0.90,0.96,358.166,0.48,0.70,325.06,1.42,1.00,27.2896,-0.03,0.67,24.7366,0.70,1.42,4.5411,0.19,0.69,4.1174,1.08,1.47,nan
30,Apr 01 2020,4.8289,0.02,0.09,4.378,0.06,0.93,360.644,0.69,0.61,327.049,0.61,0.99,27.3303,0.15,0.66,24.8114,0.30,1.39,4.553,0.26,0.70,4.1356,0.44,1.47,nan
31,Apr 02 2020,4.8287,0.00,0.07,4.4026,0.56,0.87,362.666,0.56,0.60,331.76,1.43,0.99,27.4733,0.52,0.49,25.0956,1.14,1.20,4.5956,0.93,0.71,4.1968,1.47,1.40,nan
32,Apr 03 2020,4.8311,0.05,0.07,4.4538,1.16,0.79,362.921,0.07,0.50,335.08,1.00,1.05,27.5302,0.21,0.35,25.3796,1.13,0.79,4.5645,-0.68,0.58,4.2029,0.15,0.85,nan
33,Apr 06 2020,4.8288,-0.05,0.07,4.4693,0.35,0.72,364.624,0.47,0.50,338.26,0.94,1.12,27.6282,0.36,0.30,25.6274,0.97,0.90,4.5849,0.45,0.57,4.2464,1.03,0.96,nan
34,Apr 07 2020,4.8281,-0.01,0.03,4.4693,0.00,0.60,363.078,-0.42,0.49,336.78,-0.44,0.95,27.559,-0.25,0.32,25.4935,-0.52,0.88,4.5605,-0.53,0.61,4.2233,-0.55,0.86,nan
35,Apr 08 2020,4.8302,0.04,0.04,4.4308,-0.87,0.71,357.337,-1.59,0.81,328.95,-2.35,1.39,27.1141,-1.63,0.79,24.9057,-2.33,1.36,4.5226,-0.83,0.71,4.154,-1.65,1.12,nan
36,Apr 09 2020,4.8315,0.03,0.04,4.4453,0.33,0.68,357.832,0.14,0.77,330.05,0.33,1.24,27.1031,-0.04,0.76,24.9732,0.27,1.26,4.5288,0.14,0.58,4.1705,0.40,0.92,nan
37,Apr 10 2020,4.8319,0.01,0.03,4.4148,-0.69,0.54,nan,nan,nan,nan,nan,nan,nan,nan,nan,nan,nan,nan,nan,nan,nan,nan,nan,nan,nan
38,Apr 13 2020,4.8305,-0.03,0.03,4.4065,-0.19,0.52,nan,nan,nan,nan,nan,nan,nan,nan,nan,nan,nan,nan,nan,nan,nan,nan,nan,nan,nan
39,Apr 14 2020,4.8283,-0.05,0.03,4.418,0.26,0.54,nan,nan,nan,nan,nan,nan,nan,nan,nan,nan,nan,nan,nan,nan,nan,nan,nan,nan,nan
40,Apr 15 2020,4.8313,0.06,0.04,4.3932,-0.56,0.45,nan,nan,nan,nan,nan,nan,nan,nan,nan,nan,nan,nan,nan,nan,nan,nan,nan,nan,nan
41,Apr 16 2020,4.8317,0.01,0.04,4.4271,0.77,0.54,nan,nan,nan,nan,nan,nan,nan,nan,nan,nan,nan,nan,nan,nan,nan,nan,nan,nan,nan
42,Apr 17 2020,4.8363,0.10,0.06,4.4498,0.51,0.50,nan,nan,nan,nan,nan,nan,nan,nan,nan,nan,nan,nan,nan,nan,nan,nan,nan,nan,nan
43,Apr 20 2020,4.8363,0.00,0.05,4.4541,0.10,0.50,nan,nan,nan,nan,nan,nan,nan,nan,nan,nan,nan,nan,nan,nan,nan,nan,nan,nan,nan
44,Apr 21 2020,4.8363,0.00,0.05,4.4451,-0.20,0.49,nan,nan,nan,nan,nan,nan,nan,nan,nan,nan,nan,nan,nan,nan,nan,nan,nan,nan,nan
45,Apr 22 2020,4.8357,-0.01,0.04,4.4499,0.11,0.43,nan,nan,nan,nan,nan,nan,nan,nan,nan,nan,nan,nan,nan,nan,nan,nan,nan,nan,nan
46,Apr 23 2020,4.8378,0.04,0.05,4.4748,0.56,0.36,nan,nan,nan,nan,nan,nan,nan,nan,nan,nan,nan,nan,nan,nan,nan,nan,nan,nan,nan
47,Apr 24 2020,4.8411,0.07,0.04,4.4871,0.27,0.30,nan,nan,nan,nan,nan,nan,nan,nan,nan,nan,nan,nan,nan,nan,nan,nan,nan,nan,nan
48,Apr 27 2020,4.8377,-0.07,0.05,4.4731,-0.31,0.33,nan,nan,nan,nan,nan,nan,nan,nan,nan,nan,nan,nan,nan,nan,nan,nan,nan,nan,nan
49,Apr 28 2020,4.839,0.03,0.05,4.4679,-0.12,0.32,nan,nan,nan,nan,nan,nan,nan,nan,nan,nan,nan,nan,nan,nan,nan,nan,nan,nan,nan
50,Apr 29 2020,4.8413,0.05,0.05,4.4673,-0.01,0.32,nan,nan,nan,nan,nan,nan,nan,nan,nan,nan,nan,nan,nan,nan,nan,nan,nan,nan,nan
51,Apr 30 2020,4.8421,0.02,0.05,4.4541,-0.30,0.23,nan,nan,nan,nan,nan,nan,nan,nan,nan,nan,nan,nan,nan,nan,nan,nan,nan,nan,nan
52,May 01 2020,4.8347,-0.15,0.08,4.3923,-1.40,0.66,nan,nan,nan,nan,nan,nan,nan,nan,nan,nan,nan,nan,nan,nan,nan,nan,nan,nan,nan
53,May 04 2020,4.8387,0.08,0.08,4.424,0.72,0.72,nan,nan,nan,nan,nan,nan,nan,nan,nan,nan,nan,nan,nan,nan,nan,nan,nan,nan,nan
54,May 05 2020,4.829,-0.20,0.12,4.4515,0.62,0.77,nan,nan,nan,nan,nan,nan,nan,nan,nan,nan,nan,nan,nan,nan,nan,nan,nan,nan,nan
55,May 06 2020,4.8258,-0.07,0.12,4.4708,0.43,0.79,nan,nan,nan,nan,nan,nan,nan,nan,nan,nan,nan,nan,nan,nan,nan,nan,nan,nan,nan
56,May 07 2020,4.8242,-0.03,0.12,4.4695,-0.03,0.78,nan,nan,nan,nan,nan,nan,nan,nan,nan,nan,nan,nan,nan,nan,nan,nan,nan,nan,nan
57,May 08 2020,4.8278,0.07,0.11,4.4545,-0.34,0.49,nan,nan,nan,nan,nan,nan,nan,nan,nan,nan,nan,nan,nan,nan,nan,nan,nan,nan,nan
58,May 11 2020,4.8295,0.04,0.10,4.461,0.15,0.38,nan,nan,nan,nan,nan,nan,nan,nan,nan,nan,nan,nan,nan,nan,nan,nan,nan,nan,nan
59,May 12 2020,4.8297,0.00,0.05,4.4639,0.06,0.26,nan,nan,nan,nan,nan,nan,nan,nan,nan,nan,nan,nan,nan,nan,nan,nan,nan,nan,nan
60,May 13 2020,4.8349,0.11,0.06,4.4576,-0.14,0.18,nan,nan,nan,nan,nan,nan,nan,nan,nan,nan,nan,nan,nan,nan,nan,nan,nan,nan,nan
61,May 14 2020,4.8376,0.06,0.07,4.4743,0.37,0.24,nan,nan,nan,nan,nan,nan,nan,nan,nan,nan,nan,nan,nan,nan,nan,nan,nan,nan,nan
62,May 15 2020,4.839,0.03,0.06,4.4768,0.06,0.19,nan,nan,nan,nan,nan,nan,nan,nan,nan,nan,nan,nan,nan,nan,nan,nan,nan,nan,nan
63,May 18 2020,4.8392,0.00,0.06,4.4783,0.03,0.18,nan,nan,nan,nan,nan,nan,nan,nan,nan,nan,nan,nan,nan,nan,nan,nan,nan,nan,nan
64,May 19 2020,4.8395,0.01,0.06,4.4192,-1.33,0.62,nan,nan,nan,nan,nan,nan,nan,nan,nan,nan,nan,nan,nan,nan,nan,nan,nan,nan,nan
65,May 20 2020,4.8421,0.05,0.04,4.4218,0.06,0.62,nan,nan,nan,nan,nan,nan,nan,nan,nan,nan,nan,nan,nan,nan,nan,nan,nan,nan,nan
66,May 21 2020,4.8425,0.01,0.03,4.4163,-0.12,0.60,nan,nan,nan,nan,nan,nan,nan,nan,nan,nan,nan,nan,nan,nan,nan,nan,nan,nan,nan
67,May 22 2020,4.8422,-0.01,0.02,4.4424,0.59,0.65,nan,nan,nan,nan,nan,nan,nan,nan,nan,nan,nan,nan,nan,nan,nan,nan,nan,nan,nan
68,May 25 2020,4.8396,-0.05,0.03,4.4406,-0.04,0.65,nan,nan,nan,nan,nan,nan,nan,nan,nan,nan,nan,nan,nan,nan,nan,nan,nan,nan,nan
69,May 26 2020,4.8415,0.04,0.04,4.4172,-0.53,0.36,nan,nan,nan,nan,nan,nan,nan,nan,nan,nan,nan,nan,nan,nan,nan,nan,nan,nan,nan
70,May 27 2020,4.8432,0.04,0.03,4.4053,-0.27,0.38,nan,nan,nan,nan,nan,nan,nan,nan,nan,nan,nan,nan,nan,nan,nan,nan,nan,nan,nan
71,May 28 2020,4.8421,-0.02,0.04,4.3983,-0.16,0.38,nan,nan,nan,nan,nan,nan,nan,nan,nan,nan,nan,nan,nan,nan,nan,nan,nan,nan,nan
72,May 29 2020,4.8426,0.01,0.04,4.3517,-1.07,0.55,nan,nan,nan,nan,nan,nan,nan,nan,nan,nan,nan,nan,nan,nan,nan,nan,nan,nan,nan
73,Jun 2 2020,4.8419,-0.01,0.03,4.3293,-0.52,0.60,nan,nan,nan,nan,nan,nan,nan,nan,nan,nan,nan,nan,nan,nan,nan,nan,nan,nan,nan
74,Jun 3 2020,4.8398,-0.04,0.03,4.3112,-0.42,0.58,nan,nan,nan,nan,nan,nan,nan,nan,nan,nan,nan,nan,nan,nan,nan,nan,nan,nan,nan
75,Jun 4 2020,4.8387,-0.02,0.03,4.3203,0.21,0.57,nan,nan,nan,nan,nan,nan,nan,nan,nan,nan,nan,nan,nan,nan,nan,nan,nan,nan,nan
76,Jun 5 2020,4.8393,0.01,0.02,4.2695,-1.18,0.78,nan,nan,nan,nan,nan,nan,nan,nan,nan,nan,nan,nan,nan,nan,nan,nan,nan,nan,nan
77,Jun 9 2020,4.8377,-0.03,0.03,4.2935,0.56,0.66,nan,nan,nan,nan,nan,nan,nan,nan,nan,nan,nan,nan,nan,nan,nan,nan,nan,nan,nan
78,Jun 10 2020,4.8338,-0.08,0.05,4.2555,-0.89,0.74,nan,nan,nan,nan,nan,nan,nan,nan,nan,nan,nan,nan,nan,nan,nan,nan,nan,nan,nan
79,Jun 11 2020,4.8358,0.04,0.04,4.2483,-0.17,0.72,nan,nan,nan,nan,nan,nan,nan,nan,nan,nan,nan,nan,nan,nan,nan,nan,nan,nan,nan
80,Jun 12 2020,4.834,-0.04,0.05,4.2713,0.54,0.75,nan,nan,nan,nan,nan,nan,nan,nan,nan,nan,nan,nan,nan,nan,nan,nan,nan,nan,nan
81,Jun 15 2020,4.8337,-0.01,0.05,4.2959,0.57,0.59,nan,nan,nan,nan,nan,nan,nan,nan,nan,nan,nan,nan,nan,nan,nan,nan,nan,nan,nan
82,Jun 16 2020,4.836,0.05,0.05,4.2689,-0.63,0.61,nan,nan,nan,nan,nan,nan,nan,nan,nan,nan,nan,nan,nan,nan,nan,nan,nan,nan,nan
83,Jun 17 2020,4.835,-0.02,0.03,4.3049,0.84,0.59,nan,nan,nan,nan,nan,nan,nan,nan,nan,nan,nan,nan,nan,nan,nan,nan,nan,nan,nan
84,Jun 18 2020,4.8394,0.09,0.05,4.2998,-0.12,0.59,nan,nan,nan,nan,nan,nan,nan,nan,nan,nan,nan,nan,nan,nan,nan,nan,nan,nan,nan
85,Jun 19 2020,4.8421,0.06,0.05,4.3181,0.42,0.57,nan,nan,nan,nan,nan,nan,nan,nan,nan,nan,nan,nan,nan,nan,nan,nan,nan,nan,nan
86,Jun 22 2020,4.8415,-0.01,0.05,4.3162,-0.04,0.51,nan,nan,nan,nan,nan,nan,nan,nan,nan,nan,nan,nan,nan,nan,nan,nan,nan,nan,nan
87,Jun 23 2020,4.8428,0.03,0.05,4.2916,-0.57,0.50,nan,nan,nan,nan,nan,nan,nan,nan,nan,nan,nan,nan,nan,nan,nan,nan,nan,nan,nan
88,Jun 24 2020,4.8432,0.01,0.05,4.286,-0.13,0.33,nan,nan,nan,nan,nan,nan,nan,nan,nan,nan,nan,nan,nan,nan,nan,nan,nan,nan,nan
89,Jun 25 2020,4.8422,-0.02,0.03,4.3126,0.62,0.43,nan,nan,nan,nan,nan,nan,nan,nan,nan,nan,nan,nan,nan,nan,nan,nan,nan,nan,nan
90,Jun 26 2020,4.8421,0.00,0.02,4.3141,0.03,0.38,nan,nan,nan,nan,nan,nan,nan,nan,nan,nan,nan,nan,nan,nan,nan,nan,nan,nan,nan
91,Jun 29 2020,4.8439,0.04,0.02,4.2988,-0.36,0.41,nan,nan,nan,nan,nan,nan,nan,nan,nan,nan,nan,nan,nan,nan,nan,nan,nan,nan,nan
92,Jun 30 2020,4.8423,-0.03,0.02,4.3233,0.57,0.41,nan,nan,nan,nan,nan,nan,nan,nan,nan,nan,nan,nan,nan,nan,nan,nan,nan,nan,nan
93,Jul 1 2020,4.8372,-0.11,0.05,4.3114,-0.28,0.43,nan,nan,nan,nan,nan,nan,nan,nan,nan,nan,nan,nan,nan,nan,nan,nan,nan,nan,nan
94,Jul 2 2020,4.8319,-0.11,0.07,4.2813,-0.70,0.45,nan,nan,nan,nan,nan,nan,nan,nan,nan,nan,nan,nan,nan,nan,nan,nan,nan,nan,nan
95,Jul 3 2020,4.8378,0.12,0.09,4.3085,0.63,0.53,nan,nan,nan,nan,nan,nan,nan,nan,nan,nan,nan,nan,nan,nan,nan,nan,nan,nan,nan
96,Jul 6 2020,4.8365,-0.03,0.09,4.2843,-0.56,0.57,nan,nan,nan,nan,nan,nan,nan,nan,nan,nan,nan,nan,nan,nan,nan,nan,nan,nan,nan
97,Jul 7 2020,4.8397,0.07,0.09,4.2964,0.28,0.52,nan,nan,nan,nan,nan,nan,nan,nan,nan,nan,nan,nan,nan,nan,nan,nan,nan,nan,nan
98,Jul 8 2020,4.8406,0.02,0.08,4.2942,-0.05,0.51,nan,nan,nan,nan,nan,nan,nan,nan,nan,nan,nan,nan,nan,nan,nan,nan,nan,nan,nan
99,Jul 9 2020,4.8408,0.00,0.06,4.2716,-0.53,0.46,nan,nan,nan,nan,nan,nan,nan,nan,nan,nan,nan,nan,nan,nan,nan,nan,nan,nan,nan
100,Jul 10 2020,4.8418,0.02,0.03,4.2893,0.41,0.41,nan,nan,nan,nan,nan,nan,nan,nan,nan,nan,nan,nan,nan,nan,nan,nan,nan,nan,nan
101,Jul 13 2020,4.8423,0.01,0.03,4.2788,-0.25,0.34,nan,nan,nan,nan,nan,nan,nan,nan,nan,nan,nan,nan,nan,nan,nan,nan,nan,nan,nan
102,Jul 14 2020,4.843,0.01,0.01,4.2615,-0.41,0.37,nan,nan,nan,nan,nan,nan,nan,nan,nan,nan,nan,nan,nan,nan,nan,nan,nan,nan,nan
103,Jul 15 2020,4.8433,0.01,0.01,4.2377,-0.56,0.44,nan,nan,nan,nan,nan,nan,nan,nan,nan,nan,nan,nan,nan,nan,nan,nan,nan,nan,nan
104,Jul 16 2020,4.8429,-0.01,0.01,4.2521,0.34,0.41,nan,nan,nan,nan,nan,nan,nan,nan,nan,nan,nan,nan,nan,nan,nan,nan,nan,nan,nan
105,Jul 17 2020,4.8428,0.00,0.01,4.243,-0.21,0.37,nan,nan,nan,nan,nan,nan,nan,nan,nan,nan,nan,nan,nan,nan,nan,nan,nan,nan,nan
106,Jul 20 2020,4.8427,0.00,0.01,4.2274,-0.37,0.39,nan,nan,nan,nan,nan,nan,nan,nan,nan,nan,nan,nan,nan,nan,nan,nan,nan,nan,nan
107,Jul 21 2020,4.8417,-0.02,0.01,4.2317,0.10,0.35,nan,nan,nan,nan,nan,nan,nan,nan,nan,nan,nan,nan,nan,nan,nan,nan,nan,nan,nan
108,Jul 22 2020,4.8401,-0.03,0.02,4.1942,-0.89,0.47,nan,nan,nan,nan,nan,nan,nan,nan,nan,nan,nan,nan,nan,nan,nan,nan,nan,nan,nan
109,Jul 23 2020,4.8353,-0.10,0.05,4.1734,-0.50,0.50,nan,nan,nan,nan,nan,nan,nan,nan,nan,nan,nan,nan,nan,nan,nan,nan,nan,nan,nan
110,Jul 24 2020,4.834,-0.03,0.05,4.1662,-0.17,0.49,nan,nan,nan,nan,nan,nan,nan,nan,nan,nan,nan,nan,nan,nan,nan,nan,nan,nan,nan
111,Jul 27 2020,4.8276,-0.13,0.08,4.1251,-0.99,0.64,nan,nan,nan,nan,nan,nan,nan,nan,nan,nan,nan,nan,nan,nan,nan,nan,nan,nan,nan
112,Jul 28 2020,4.8335,0.12,0.09,4.1189,-0.15,0.64,nan,nan,nan,nan,nan,nan,nan,nan,nan,nan,nan,nan,nan,nan,nan,nan,nan,nan,nan
113,Jul 29 2020,4.8342,0.01,0.09,4.1151,-0.09,0.51,nan,nan,nan,nan,nan,nan,nan,nan,nan,nan,nan,nan,nan,nan,nan,nan,nan,nan,nan
114,Jul 30 2020,4.8321,-0.04,0.08,4.1089,-0.15,0.46,nan,nan,nan,nan,nan,nan,nan,nan,nan,nan,nan,nan,nan,nan,nan,nan,nan,nan,nan
115,Jul 31 2020,4.8316,-0.01,0.08,4.078,-0.75,0.57,nan,nan,nan,nan,nan,nan,nan,nan,nan,nan,nan,nan,nan,nan,nan,nan,nan,nan,nan
116,Aug 3 2020,4.8351,0.07,0.07,4.1131,0.86,0.52,nan,nan,nan,nan,nan,nan,nan,nan,nan,nan,nan,nan,nan,nan,nan,nan,nan,nan,nan
117,Aug 4 2020,4.8341,-0.02,0.04,4.0976,-0.38,0.54,nan,nan,nan,nan,nan,nan,nan,nan,nan,nan,nan,nan,nan,nan,nan,nan,nan,nan,nan
118,Aug 5 2020,4.8336,-0.01,0.04,4.0757,-0.54,0.59,nan,nan,nan,nan,nan,nan,nan,nan,nan,nan,nan,nan,nan,nan,nan,nan,nan,nan,nan
119,Aug 6 2020,4.8359,0.05,0.04,4.0751,-0.01,0.59,nan,nan,nan,nan,nan,nan,nan,nan,nan,nan,nan,nan,nan,nan,nan,nan,nan,nan,nan
120,Aug 7 2020,4.8375,0.03,0.04,4.0949,0.48,0.53,nan,nan,nan,nan,nan,nan,nan,nan,nan,nan,nan,nan,nan,nan,nan,nan,nan,nan,nan
121,Aug 10 2020,4.8359,-0.03,0.03,4.1129,0.44,0.41,nan,nan,nan,nan,nan,nan,nan,nan,nan,nan,nan,nan,nan,nan,nan,nan,nan,nan,nan
122,Aug 11 2020,4.8347,-0.02,0.03,4.1033,-0.23,0.39,nan,nan,nan,nan,nan,nan,nan,nan,nan,nan,nan,nan,nan,nan,nan,nan,nan,nan,nan
123,Aug 12 2020,4.8357,0.02,0.03,4.1087,0.13,0.32,nan,nan,nan,nan,nan,nan,nan,nan,nan,nan,nan,nan,nan,nan,nan,nan,nan,nan,nan
124,Aug 13 2020,4.8344,-0.03,0.03,4.0836,-0.61,0.42,nan,nan,nan,nan,nan,nan,nan,nan,nan,nan,nan,nan,nan,nan,nan,nan,nan,nan,nan
125,Aug 14 2020,4.8358,0.03,0.03,4.102,0.45,0.41,nan,nan,nan,nan,nan,nan,nan,nan,nan,nan,nan,nan,nan,nan,nan,nan,nan,nan,nan
126,Aug 17 2020,4.8344,-0.03,0.03,4.079,-0.56,0.44,nan,nan,nan,nan,nan,nan,nan,nan,nan,nan,nan,nan,nan,nan,nan,nan,nan,nan,nan
127,Aug 18 2020,4.8349,0.01,0.02,4.0606,-0.45,0.47,nan,nan,nan,nan,nan,nan,nan,nan,nan,nan,nan,nan,nan,nan,nan,nan,nan,nan,nan
128,Aug 19 2020,4.839,0.08,0.04,4.055,-0.14,0.47,nan,nan,nan,nan,nan,nan,nan,nan,nan,nan,nan,nan,nan,nan,nan,nan,nan,nan,nan
129,Aug 20 2020,4.8396,0.01,0.04,4.0882,0.82,0.53,nan,nan,nan,nan,nan,nan,nan,nan,nan,nan,nan,nan,nan,nan,nan,nan,nan,nan,nan
130,Aug 21 2020,4.84,0.01,0.04,4.0963,0.20,0.50,nan,nan,nan,nan,nan,nan,nan,nan,nan,nan,nan,nan,nan,nan,nan,nan,nan,nan,nan
131,Aug 24 2020,4.8402,0.00,0.04,4.089,-0.18,0.44,nan,nan,nan,nan,nan,nan,nan,nan,nan,nan,nan,nan,nan,nan,nan,nan,nan,nan,nan
132,Aug 25 2020,4.8392,-0.02,0.04,4.0915,0.06,0.39,nan,nan,nan,nan,nan,nan,nan,nan,nan,nan,nan,nan,nan,nan,nan,nan,nan,nan,nan
133,Aug 26 2020,4.8404,0.02,0.02,4.0968,0.13,0.39,nan,nan,nan,nan,nan,nan,nan,nan,nan,nan,nan,nan,nan,nan,nan,nan,nan,nan,nan
134,Aug 27 2020,4.8424,0.04,0.02,4.0959,-0.02,0.14,nan,nan,nan,nan,nan,nan,nan,nan,nan,nan,nan,nan,nan,nan,nan,nan,nan,nan,nan
135,Aug 28 2020,4.8387,-0.08,0.04,4.0672,-0.70,0.33,nan,nan,nan,nan,nan,nan,nan,nan,nan,nan,nan,nan,nan,nan,nan,nan,nan,nan,nan
136,Aug 31 2020,4.8404,0.04,0.04,4.0631,-0.10,0.32,nan,nan,nan,nan,nan,nan,nan,nan,nan,nan,nan,nan,nan,nan,nan,nan,nan,nan,nan
137,Sep 1 2020,4.8393,-0.02,0.04,4.0395,-0.58,0.42,nan,nan,nan,nan,nan,nan,nan,nan,nan,nan,nan,nan,nan,nan,nan,nan,nan,nan,nan
138,Sep 2 2020,4.8409,0.03,0.05,4.079,0.97,0.60,nan,nan,nan,nan,nan,nan,nan,nan,nan,nan,nan,nan,nan,nan,nan,nan,nan,nan,nan
139,Sep 3 2020,4.8442,0.07,0.05,4.094,0.37,0.62,nan,nan,nan,nan,nan,nan,nan,nan,nan,nan,nan,nan,nan,nan,nan,nan,nan,nan,nan
140,Sep 4 2020,4.8492,0.10,0.06,4.0915,-0.06,0.54,nan,nan,nan,nan,nan,nan,nan,nan,nan,nan,nan,nan,nan,nan,nan,nan,nan,nan,nan
141,Sep 7 2020,4.8552,0.12,0.08,4.1033,0.29,0.55,nan,nan,nan,nan,nan,nan,nan,nan,nan,nan,nan,nan,nan,nan,nan,nan,nan,nan,nan
142,Sep 8 2020,4.8545,-0.01,0.08,4.1136,0.25,0.50,nan,nan,nan,nan,nan,nan,nan,nan,nan,nan,nan,nan,nan,nan,nan,nan,nan,nan,nan
143,Sep 9 2020,4.859,0.09,0.09,4.1269,0.32,0.28,nan,nan,nan,nan,nan,nan,nan,nan,nan,nan,nan,nan,nan,nan,nan,nan,nan,nan,nan
144,Sep 10 2020,4.8573,-0.03,0.08,4.1038,-0.56,0.34,nan,nan,nan,nan,nan,nan,nan,nan,nan,nan,nan,nan,nan,nan,nan,nan,nan,nan,nan
145,Sep 11 2020,4.8567,-0.01,0.07,4.09,-0.34,0.37,nan,nan,nan,nan,nan,nan,nan,nan,nan,nan,nan,nan,nan,nan,nan,nan,nan,nan,nan
146,Sep 14 2020,4.8573,0.01,0.05,4.0974,0.18,0.35,nan,nan,nan,nan,nan,nan,nan,nan,nan,nan,nan,nan,nan,nan,nan,nan,nan,nan,nan
147,Sep 15 2020,4.8567,-0.01,0.05,4.0866,-0.26,0.36,nan,nan,nan,nan,nan,nan,nan,nan,nan,nan,nan,nan,nan,nan,nan,nan,nan,nan,nan
148,Sep 16 2020,4.8586,0.04,0.03,4.0908,0.10,0.33,nan,nan,nan,nan,nan,nan,nan,nan,nan,nan,nan,nan,nan,nan,nan,nan,nan,nan,nan
149,Sep 17 2020,4.8595,0.02,0.02,4.1198,0.71,0.38,nan,nan,nan,nan,nan,nan,nan,nan,nan,nan,nan,nan,nan,nan,nan,nan,nan,nan,nan
150,Sep 18 2020,4.8582,-0.03,0.02,4.0972,-0.55,0.43,nan,nan,nan,nan,nan,nan,nan,nan,nan,nan,nan,nan,nan,nan,nan,nan,nan,nan,nan
151,Sep 21 2020,4.8583,0.00,0.02,4.1224,0.61,0.50,nan,nan,nan,nan,nan,nan,nan,nan,nan,nan,nan,nan,nan,nan,nan,nan,nan,nan,nan
152,Sep 22 2020,4.859,0.01,0.02,4.1404,0.44,0.52,nan,nan,nan,nan,nan,nan,nan,nan,nan,nan,nan,nan,nan,nan,nan,nan,nan,nan,nan
153,Sep 23 2020,4.8641,0.10,0.05,4.1529,0.30,0.54,nan,nan,nan,nan,nan,nan,nan,nan,nan,nan,nan,nan,nan,nan,nan,nan,nan,nan,nan
154,Sep 24 2020,4.8722,0.17,0.09,4.1883,0.85,0.58,nan,nan,nan,nan,nan,nan,nan,nan,nan,nan,nan,nan,nan,nan,nan,nan,nan,nan,nan
155,Sep 25 2020,4.875,0.06,0.09,4.1874,-0.02,0.52,nan,nan,nan,nan,nan,nan,nan,nan,nan,nan,nan,nan,nan,nan,nan,nan,nan,nan,nan
156,Sep 28 2020,4.8705,-0.09,0.10,4.1828,-0.11,0.45,nan,nan,nan,nan,nan,nan,nan,nan,nan,nan,nan,nan,nan,nan,nan,nan,nan,nan,nan
157,Sep 29 2020,4.8738,0.07,0.10,4.1678,-0.36,0.44,nan,nan,nan,nan,nan,nan,nan,nan,nan,nan,nan,nan,nan,nan,nan,nan,nan,nan,nan
158,Sep 30 2020,4.8698,-0.08,0.10,4.1617,-0.15,0.42,nan,nan,nan,nan,nan,nan,nan,nan,nan,nan,nan,nan,nan,nan,nan,nan,nan,nan,nan
159,Oct 1 2020,4.8721,0.05,0.07,4.1498,-0.29,0.22,nan,nan,nan,nan,nan,nan,nan,nan,nan,nan,nan,nan,nan,nan,nan,nan,nan,nan,nan
160,Oct 2 2020,4.8718,-0.01,0.07,4.1551,0.13,0.23,nan,nan,nan,nan,nan,nan,nan,nan,nan,nan,nan,nan,nan,nan,nan,nan,nan,nan,nan
161,Oct 5 2020,4.8695,-0.05,0.06,4.1414,-0.33,0.27,nan,nan,nan,nan,nan,nan,nan,nan,nan,nan,nan,nan,nan,nan,nan,nan,nan,nan,nan
162,Oct 6 2020,4.8742,0.10,0.06,4.1366,-0.12,0.22,nan,nan,nan,nan,nan,nan,nan,nan,nan,nan,nan,nan,nan,nan,nan,nan,nan,nan,nan
163,Oct 7 2020,4.8729,-0.03,0.05,4.1438,0.17,0.22,nan,nan,nan,nan,nan,nan,nan,nan,nan,nan,nan,nan,nan,nan,nan,nan,nan,nan,nan
164,Oct 8 2020,4.8741,0.02,0.05,4.1468,0.07,0.19,nan,nan,nan,nan,nan,nan,nan,nan,nan,nan,nan,nan,nan,nan,nan,nan,nan,nan,nan
165,Oct 9 2020,4.872,-0.04,0.05,4.1304,-0.40,0.25,nan,nan,nan,nan,nan,nan,nan,nan,nan,nan,nan,nan,nan,nan,nan,nan,nan,nan,nan
166,Oct 12 2020,4.8718,0.00,0.05,4.129,-0.03,0.20,nan,nan,nan,nan,nan,nan,nan,nan,nan,nan,nan,nan,nan,nan,nan,nan,nan,nan,nan
167,Oct 13 2020,4.8739,0.04,0.03,4.1345,0.13,0.21,nan,nan,nan,nan,nan,nan,nan,nan,nan,nan,nan,nan,nan,nan,nan,nan,nan,nan,nan
168,Oct 14 2020,4.8734,-0.01,0.03,4.1566,0.53,0.31,nan,nan,nan,nan,nan,nan,nan,nan,nan,nan,nan,nan,nan,nan,nan,nan,nan,nan,nan
169,Oct 15 2020,4.8736,0.00,0.03,4.1619,0.13,0.31,nan,nan,nan,nan,nan,nan,nan,nan,nan,nan,nan,nan,nan,nan,nan,nan,nan,nan,nan
170,Oct 16 2020,4.8737,0.00,0.02,4.1622,0.01,0.25,nan,nan,nan,nan,nan,nan,nan,nan,nan,nan,nan,nan,nan,nan,nan,nan,nan,nan,nan
171,Oct 19 2020,4.8746,0.02,0.02,4.1456,-0.40,0.31,nan,nan,nan,nan,nan,nan,nan,nan,nan,nan,nan,nan,nan,nan,nan,nan,nan,nan,nan
172,Oct 20 2020,4.8738,-0.02,0.01,4.1289,-0.40,0.35,nan,nan,nan,nan,nan,nan,nan,nan,nan,nan,nan,nan,nan,nan,nan,nan,nan,nan,nan
173,Oct 21 2020,4.8737,0.00,0.01,4.1135,-0.37,0.31,nan,nan,nan,nan,nan,nan,nan,nan,nan,nan,nan,nan,nan,nan,nan,nan,nan,nan,nan
174,Oct 22 2020,4.873,-0.01,0.01,4.1185,0.12,0.31,nan,nan,nan,nan,nan,nan,nan,nan,nan,nan,nan,nan,nan,nan,nan,nan,nan,nan,nan
175,Oct 23 2020,4.8744,0.03,0.02,4.1145,-0.10,0.31,nan,nan,nan,nan,nan,nan,nan,nan,nan,nan,nan,nan,nan,nan,nan,nan,nan,nan,nan
176,Oct 26 2020,4.8731,-0.03,0.02,4.1224,0.19,0.27,nan,nan,nan,nan,nan,nan,nan,nan,nan,nan,nan,nan,nan,nan,nan,nan,nan,nan,nan
177,Oct 27 2020,4.8741,0.02,0.02,4.1264,0.10,0.20,nan,nan,nan,nan,nan,nan,nan,nan,nan,nan,nan,nan,nan,nan,nan,nan,nan,nan,nan
178,Oct 28 2020,4.8746,0.01,0.02,4.1525,0.63,0.31,nan,nan,nan,nan,nan,nan,nan,nan,nan,nan,nan,nan,nan,nan,nan,nan,nan,nan,nan
179,Oct 29 2020,4.8747,0.00,0.02,4.1588,0.15,0.31,nan,nan,nan,nan,nan,nan,nan,nan,nan,nan,nan,nan,nan,nan,nan,nan,nan,nan,nan
180,Oct 30 2020,4.8743,-0.01,0.02,4.1768,0.43,0.36,nan,nan,nan,nan,nan,nan,nan,nan,nan,nan,nan,nan,nan,nan,nan,nan,nan,nan,nan
181,Nov 2 2020,4.8643,-0.21,0.09,4.1781,0.03,0.35,nan,nan,nan,nan,nan,nan,nan,nan,nan,nan,nan,nan,nan,nan,nan,nan,nan,nan,nan
182,Nov 3 2020,4.8675,0.07,0.10,4.1619,-0.39,0.39,nan,nan,nan,nan,nan,nan,nan,nan,nan,nan,nan,nan,nan,nan,nan,nan,nan,nan,nan
183,Nov 4 2020,4.8672,-0.01,0.10,4.1637,0.04,0.27,nan,nan,nan,nan,nan,nan,nan,nan,nan,nan,nan,nan,nan,nan,nan,nan,nan,nan,nan
184,Nov 5 2020,4.8657,-0.03,0.10,4.121,-1.03,0.53,nan,nan,nan,nan,nan,nan,nan,nan,nan,nan,nan,nan,nan,nan,nan,nan,nan,nan,nan
185,Nov 6 2020,4.8668,0.02,0.10,4.0994,-0.53,0.55,nan,nan,nan,nan,nan,nan,nan,nan,nan,nan,nan,nan,nan,nan,nan,nan,nan,nan,nan
186,Nov 9 2020,4.8674,0.01,0.03,4.0987,-0.02,0.55,nan,nan,nan,nan,nan,nan,nan,nan,nan,nan,nan,nan,nan,nan,nan,nan,nan,nan,nan
187,Nov 10 2020,4.8667,-0.01,0.02,4.1306,0.78,0.62,nan,nan,nan,nan,nan,nan,nan,nan,nan,nan,nan,nan,nan,nan,nan,nan,nan,nan,nan
188,Nov 11 2020,4.8678,0.02,0.02,4.1316,0.02,0.62,nan,nan,nan,nan,nan,nan,nan,nan,nan,nan,nan,nan,nan,nan,nan,nan,nan,nan,nan
189,Nov 12 2020,4.8686,0.02,0.02,4.1221,-0.23,0.43,nan,nan,nan,nan,nan,nan,nan,nan,nan,nan,nan,nan,nan,nan,nan,nan,nan,nan,nan
190,Nov 13 2020,4.869,0.01,0.02,4.1184,-0.09,0.36,nan,nan,nan,nan,nan,nan,nan,nan,nan,nan,nan,nan,nan,nan,nan,nan,nan,nan,nan
191,Nov 16 2020,4.8715,0.05,0.03,4.1132,-0.13,0.37,nan,nan,nan,nan,nan,nan,nan,nan,nan,nan,nan,nan,nan,nan,nan,nan,nan,nan,nan
192,Nov 17 2020,4.8729,0.03,0.03,4.1042,-0.22,0.16,nan,nan,nan,nan,nan,nan,nan,nan,nan,nan,nan,nan,nan,nan,nan,nan,nan,nan,nan
193,Nov 18 2020,4.8725,-0.01,0.03,4.1033,-0.02,0.16,nan,nan,nan,nan,nan,nan,nan,nan,nan,nan,nan,nan,nan,nan,nan,nan,nan,nan,nan
194,Nov 19 2020,4.8729,0.01,0.03,4.1193,0.39,0.21,nan,nan,nan,nan,nan,nan,nan,nan,nan,nan,nan,nan,nan,nan,nan,nan,nan,nan,nan
195,Nov 20 2020,4.873,0.00,0.03,4.1103,-0.22,0.23,nan,nan,nan,nan,nan,nan,nan,nan,nan,nan,nan,nan,nan,nan,nan,nan,nan,nan,nan
196,Nov 23 2020,4.8732,0.00,0.01,4.1013,-0.22,0.24,nan,nan,nan,nan,nan,nan,nan,nan,nan,nan,nan,nan,nan,nan,nan,nan,nan,nan,nan
197,Nov 24 2020,4.8703,-0.06,0.03,4.098,-0.08,0.23,nan,nan,nan,nan,nan,nan,nan,nan,nan,nan,nan,nan,nan,nan,nan,nan,nan,nan,nan
198,Nov 25 2020,4.873,0.06,0.04,4.0969,-0.03,0.23,nan,nan,nan,nan,nan,nan,nan,nan,nan,nan,nan,nan,nan,nan,nan,nan,nan,nan,nan
199,Nov 26 2020,4.8738,0.02,0.04,4.0922,-0.11,0.15,nan,nan,nan,nan,nan,nan,nan,nan,nan,nan,nan,nan,nan,nan,nan,nan,nan,nan,nan
200,Nov 27 2020,4.8735,-0.01,0.04,4.0875,-0.11,0.13,nan,nan,nan,nan,nan,nan,nan,nan,nan,nan,nan,nan,nan,nan,nan,nan,nan,nan,nan
201,Dec 2 2020,4.8721,-0.03,0.04,4.0434,-1.08,0.49,nan,nan,nan,nan,nan,nan,nan,nan,nan,nan,nan,nan,nan,nan,nan,nan,nan,nan,nan
202,Dec 3 2020,4.8736,0.03,0.03,4.0226,-0.52,0.54,nan,nan,nan,nan,nan,nan,nan,nan,nan,nan,nan,nan,nan,nan,nan,nan,nan,nan,nan
203,Dec 4 2020,4.8725,-0.02,0.02,4.0024,-0.50,0.59,nan,nan,nan,nan,nan,nan,nan,nan,nan,nan,nan,nan,nan,nan,nan,nan,nan,nan,nan
204,Dec 7 2020,4.8733,0.02,0.02,4.0252,0.57,0.64,nan,nan,nan,nan,nan,nan,nan,nan,nan,nan,nan,nan,nan,nan,nan,nan,nan,nan,nan
205,Dec 8 2020,4.8735,0.00,0.02,4.0212,-0.10,0.64,nan,nan,nan,nan,nan,nan,nan,nan,nan,nan,nan,nan,nan,nan,nan,nan,nan,nan,nan
206,Dec 9 2020,4.868,-0.11,0.05,4.0155,-0.14,0.42,nan,nan,nan,nan,nan,nan,nan,nan,nan,nan,nan,nan,nan,nan,nan,nan,nan,nan,nan
207,Dec 10 2020,4.8692,0.02,0.05,4.0245,0.22,0.36,nan,nan,nan,nan,nan,nan,nan,nan,nan,nan,nan,nan,nan,nan,nan,nan,nan,nan,nan
208,Dec 11 2020,4.8693,0.00,0.05,4.0156,-0.22,0.30,nan,nan,nan,nan,nan,nan,nan,nan,nan,nan,nan,nan,nan,nan,nan,nan,nan,nan,nan
209,Dec 14 2020,4.873,0.08,0.06,4.0112,-0.11,0.17,nan,nan,nan,nan,nan,nan,nan,nan,nan,nan,nan,nan,nan,nan,nan,nan,nan,nan,nan
210,Dec 15 2020,4.8686,-0.09,0.07,4.0039,-0.18,0.18,nan,nan,nan,nan,nan,nan,nan,nan,nan,nan,nan,nan,nan,nan,nan,nan,nan,nan,nan
211,Dec 16 2020,4.8684,0.00,0.05,3.9889,-0.38,0.24,nan,nan,nan,nan,nan,nan,nan,nan,nan,nan,nan,nan,nan,nan,nan,nan,nan,nan,nan
212,Dec 17 2020,4.8697,0.03,0.05,3.9827,-0.16,0.23,nan,nan,nan,nan,nan,nan,nan,nan,nan,nan,nan,nan,nan,nan,nan,nan,nan,nan,nan
213,Dec 18 2020,4.8677,-0.04,0.06,3.9715,-0.28,0.24,nan,nan,nan,nan,nan,nan,nan,nan,nan,nan,nan,nan,nan,nan,nan,nan,nan,nan,nan
214,Dec 21 2020,4.8663,-0.03,0.05,4.0068,0.88,0.46,nan,nan,nan,nan,nan,nan,nan,nan,nan,nan,nan,nan,nan,nan,nan,nan,nan,nan,nan
215,Dec 22 2020,4.8649,-0.03,0.03,3.9774,-0.74,0.56,nan,nan,nan,nan,nan,nan,nan,nan,nan,nan,nan,nan,nan,nan,nan,nan,nan,nan,nan
216,Dec 23 2020,4.8705,0.12,0.06,3.9971,0.49,0.58,nan,nan,nan,nan,nan,nan,nan,nan,nan,nan,nan,nan,nan,nan,nan,nan,nan,nan,nan
217,Dec 24 2020,4.872,0.03,0.06,3.9944,-0.07,0.58,nan,nan,nan,nan,nan,nan,nan,nan,nan,nan,nan,nan,nan,nan,nan,nan,nan,nan,nan
218,Dec 28 2020,4.8735,0.03,0.06,3.9904,-0.10,0.56,nan,nan,nan,nan,nan,nan,nan,nan,nan,nan,nan,nan,nan,nan,nan,nan,nan,nan,nan
219,Dec 29 2020,4.8743,0.02,0.06,3.9797,-0.27,0.42,nan,nan,nan,nan,nan,nan,nan,nan,nan,nan,nan,nan,nan,nan,nan,nan,nan,nan,nan
220,Dec 30 2020,4.8744,0.00,0.06,3.971,-0.22,0.28,nan,nan,nan,nan,nan,nan,nan,nan,nan,nan,nan,nan,nan,nan,nan,nan,nan,nan,nan
221,Dec 31 2020,4.8694,-0.10,0.05,3.966,-0.13,0.17,nan,nan,nan,nan,nan,nan,nan,nan,nan,nan,nan,nan,nan,nan,nan,nan,nan,nan,nan
222,Jan 4 2021,4.8691,-0.01,0.05,3.9609,-0.13,0.18,nan,nan,nan,nan,nan,nan,nan,nan,nan,nan,nan,nan,nan,nan,nan,nan,nan,nan,nan
223,Jan 5 2021,4.871,0.04,0.05,3.9661,0.13,0.18,nan,nan,nan,nan,nan,nan,nan,nan,nan,nan,nan,nan,nan,nan,nan,nan,nan,nan,nan
224,Jan 6 2021,4.87,-0.02,0.05,3.9468,-0.49,0.26,nan,nan,nan,nan,nan,nan,nan,nan,nan,nan,nan,nan,nan,nan,nan,nan,nan,nan,nan
225,Jan 7 2021,4.8701,0.00,0.05,3.9758,0.73,0.41,nan,nan,nan,nan,nan,nan,nan,nan,nan,nan,nan,nan,nan,nan,nan,nan,nan,nan,nan
226,Jan 8 2021,4.8704,0.01,0.02,3.9791,0.08,0.40,nan,nan,nan,nan,nan,nan,nan,nan,nan,nan,nan,nan,nan,nan,nan,nan,nan,nan,nan
227,Jan 11 2021,4.8709,0.01,0.02,4.0044,0.63,0.49,nan,nan,nan,nan,nan,nan,nan,nan,nan,nan,nan,nan,nan,nan,nan,nan,nan,nan,nan
228,Jan 12 2021,4.8715,0.01,0.01,4.0088,0.11,0.49,nan,nan,nan,nan,nan,nan,nan,nan,nan,nan,nan,nan,nan,nan,nan,nan,nan,nan,nan
229,Jan 13 2021,4.8738,0.05,0.02,4.0025,-0.16,0.44,nan,nan,nan,nan,nan,nan,nan,nan,nan,nan,nan,nan,nan,nan,nan,nan,nan,nan,nan
230,Jan 14 2021,4.8728,-0.02,0.02,4.0058,0.08,0.30,nan,nan,nan,nan,nan,nan,nan,nan,nan,nan,nan,nan,nan,nan,nan,nan,nan,nan,nan
231,Jan 15 2021,4.8737,0.02,0.03,4.0172,0.28,0.32,nan,nan,nan,nan,nan,nan,nan,nan,nan,nan,nan,nan,nan,nan,nan,nan,nan,nan,nan
232,Jan 18 2021,4.874,0.01,0.03,4.0405,0.58,0.30,nan,nan,nan,nan,nan,nan,nan,nan,nan,nan,nan,nan,nan,nan,nan,nan,nan,nan,nan
233,Jan 19 2021,4.8742,0.00,0.02,4.0186,-0.54,0.39,nan,nan,nan,nan,nan,nan,nan,nan,nan,nan,nan,nan,nan,nan,nan,nan,nan,nan,nan
234,Jan 20 2021,4.8741,0.00,0.01,4.0207,0.05,0.38,nan,nan,nan,nan,nan,nan,nan,nan,nan,nan,nan,nan,nan,nan,nan,nan,nan,nan,nan
235,Jan 21 2021,4.8738,-0.01,0.01,4.0148,-0.15,0.38,nan,nan,nan,nan,nan,nan,nan,nan,nan,nan,nan,nan,nan,nan,nan,nan,nan,nan,nan
236,Jan 22 2021,4.874,0.00,0.00,4.0034,-0.28,0.38,nan,nan,nan,nan,nan,nan,nan,nan,nan,nan,nan,nan,nan,nan,nan,nan,nan,nan,nan
237,Jan 25 2021,4.8744,0.01,0.01,4.0105,0.18,0.29,nan,nan,nan,nan,nan,nan,nan,nan,nan,nan,nan,nan,nan,nan,nan,nan,nan,nan,nan
238,Jan 26 2021,4.8746,0.00,0.01,4.0195,0.22,0.19,nan,nan,nan,nan,nan,nan,nan,nan,nan,nan,nan,nan,nan,nan,nan,nan,nan,nan,nan
239,Jan 27 2021,4.8745,0.00,0.01,4.0189,-0.01,0.19,nan,nan,nan,nan,nan,nan,nan,nan,nan,nan,nan,nan,nan,nan,nan,nan,nan,nan,nan
240,Jan 28 2021,4.8742,-0.01,0.01,4.0233,0.11,0.19,nan,nan,nan,nan,nan,nan,nan,nan,nan,nan,nan,nan,nan,nan,nan,nan,nan,nan,nan
241,Jan 29 2021,4.8743,0.00,0.01,4.0209,-0.06,0.14,nan,nan,nan,nan,nan,nan,nan,nan,nan,nan,nan,nan,nan,nan,nan,nan,nan,nan,nan
242,Feb 1 2021,4.8728,-0.03,0.01,4.0346,0.34,0.19,nan,nan,nan,nan,nan,nan,nan,nan,nan,nan,nan,nan,nan,nan,nan,nan,nan,nan,nan
243,Feb 2 2021,4.8739,0.02,0.02,4.0483,0.34,0.22,nan,nan,nan,nan,nan,nan,nan,nan,nan,nan,nan,nan,nan,nan,nan,nan,nan,nan,nan
244,Feb 3 2021,4.8713,-0.05,0.03,4.0532,0.12,0.23,nan,nan,nan,nan,nan,nan,nan,nan,nan,nan,nan,nan,nan,nan,nan,nan,nan,nan,nan
245,Feb 4 2021,4.8742,0.06,0.04,4.0639,0.26,0.25,nan,nan,nan,nan,nan,nan,nan,nan,nan,nan,nan,nan,nan,nan,nan,nan,nan,nan,nan
246,Feb 5 2021,4.8744,0.00,0.04,4.07,0.15,0.26,nan,nan,nan,nan,nan,nan,nan,nan,nan,nan,nan,nan,nan,nan,nan,nan,nan,nan,nan
247,Feb 8 2021,4.874,-0.01,0.04,4.0514,-0.46,0.29,nan,nan,nan,nan,nan,nan,nan,nan,nan,nan,nan,nan,nan,nan,nan,nan,nan,nan,nan
248,Feb 9 2021,4.8745,0.01,0.04,4.0247,-0.66,0.39,nan,nan,nan,nan,nan,nan,nan,nan,nan,nan,nan,nan,nan,nan,nan,nan,nan,nan,nan
249,Feb 10 2021,4.8744,0.00,0.03,4.0205,-0.10,0.39,nan,nan,nan,nan,nan,nan,nan,nan,nan,nan,nan,nan,nan,nan,nan,nan,nan,nan,nan
250,Feb 11 2021,4.8741,-0.01,0.01,4.0194,-0.03,0.37,nan,nan,nan,nan,nan,nan,nan,nan,nan,nan,nan,nan,nan,nan,nan,nan,nan,nan,nan
251,Feb 12 2021,4.8743,0.00,0.01,4.0259,0.16,0.37,nan,nan,nan,nan,nan,nan,nan,nan,nan,nan,nan,nan,nan,nan,nan,nan,nan,nan,nan
252,Feb 15 2021,4.8745,0.00,0.01,4.0179,-0.20,0.32,nan,nan,nan,nan,nan,nan,nan,nan,nan,nan,nan,nan,nan,nan,nan,nan,nan,nan,nan
253,Feb 16 2021,4.8747,0.00,0.00,4.0073,-0.26,0.17,nan,nan,nan,nan,nan,nan,nan,nan,nan,nan,nan,nan,nan,nan,nan,nan,nan,nan,nan
254,Feb 17 2021,4.8746,0.00,0.00,4.0403,0.82,0.40,nan,nan,nan,nan,nan,nan,nan,nan,nan,nan,nan,nan,nan,nan,nan,nan,nan,nan,nan
255,Feb 18 2021,4.8748,0.00,0.00,4.0399,-0.01,0.40,nan,nan,nan,nan,nan,nan,nan,nan,nan,nan,nan,nan,nan,nan,nan,nan,nan,nan,nan
256,Feb 19 2021,4.8747,0.00,0.00,4.0151,-0.62,0.48,nan,nan,nan,nan,nan,nan,nan,nan,nan,nan,nan,nan,nan,nan,nan,nan,nan,nan,nan
257,Feb 22 2021,4.8746,0.00,0.00,4.0188,0.09,0.48,nan,nan,nan,nan,nan,nan,nan,nan,nan,nan,nan,nan,nan,nan,nan,nan,nan,nan,nan
258,Feb 23 2021,4.8745,0.00,0.00,4.0118,-0.17,0.47,nan,nan,nan,nan,nan,nan,nan,nan,nan,nan,nan,nan,nan,nan,nan,nan,nan,nan,nan
259,Feb 24 2021,4.8743,0.00,0.00,4.01,-0.04,0.29,nan,nan,nan,nan,nan,nan,nan,nan,nan,nan,nan,nan,nan,nan,nan,nan,nan,nan,nan
260,Feb 25 2021,4.8725,-0.04,0.02,3.9845,-0.64,0.41,nan,nan,nan,nan,nan,nan,nan,nan,nan,nan,nan,nan,nan,nan,nan,nan,nan,nan,nan
261,Feb 26 2021,4.8745,0.04,0.02,4.0209,0.91,0.50,nan,nan,nan,nan,nan,nan,nan,nan,nan,nan,nan,nan,nan,nan,nan,nan,nan,nan,nan
262,Mar 1 2021,4.8744,0.00,0.02,4.0456,0.61,0.57,nan,nan,nan,nan,nan,nan,nan,nan,nan,nan,nan,nan,nan,nan,nan,nan,nan,nan,nan
263,Mar 2 2021,4.8747,0.01,0.02,4.0535,0.20,0.57,nan,nan,nan,nan,nan,nan,nan,nan,nan,nan,nan,nan,nan,nan,nan,nan,nan,nan,nan
264,Mar 3 2021,4.8768,0.04,0.03,4.0341,-0.48,0.61,nan,nan,nan,nan,nan,nan,nan,nan,nan,nan,nan,nan,nan,nan,nan,nan,nan,nan,nan
265,Mar 4 2021,4.8784,0.03,0.03,4.0503,0.40,0.57,nan,nan,nan,nan,nan,nan,nan,nan,nan,nan,nan,nan,nan,nan,nan,nan,nan,nan,nan
266,Mar 5 2021,4.8831,0.10,0.05,4.0924,1.03,0.61,nan,nan,nan,nan,nan,nan,nan,nan,nan,nan,nan,nan,nan,nan,nan,nan,nan,nan,nan
267,Mar 8 2021,4.8838,0.01,0.05,4.1118,0.47,0.59,nan,nan,nan,nan,nan,nan,nan,nan,nan,nan,nan,nan,nan,nan,nan,nan,nan,nan,nan
268,Mar 9 2021,4.8849,0.02,0.05,4.1036,-0.20,0.59,nan,nan,nan,nan,nan,nan,nan,nan,nan,nan,nan,nan,nan,nan,nan,nan,nan,nan,nan
269,Mar 10 2021,4.8863,0.03,0.05,4.1084,0.12,0.55,nan,nan,nan,nan,nan,nan,nan,nan,nan,nan,nan,nan,nan,nan,nan,nan,nan,nan,nan
270,Mar 11 2021,4.8854,-0.02,0.05,4.0832,-0.62,0.59,nan,nan,nan,nan,nan,nan,nan,nan,nan,nan,nan,nan,nan,nan,nan,nan,nan,nan,nan
271,Mar 12 2021,4.8854,0.00,0.02,4.0985,0.37,0.40,nan,nan,nan,nan,nan,nan,nan,nan,nan,nan,nan,nan,nan,nan,nan,nan,nan,nan,nan
272,Mar 15 2021,4.8846,-0.02,0.02,4.0942,-0.10,0.34,nan,nan,nan,nan,nan,nan,nan,nan,nan,nan,nan,nan,nan,nan,nan,nan,nan,nan,nan
273,Mar 16 2021,4.8861,0.03,0.02,4.0908,-0.08,0.33,nan,nan,nan,nan,nan,nan,nan,nan,nan,nan,nan,nan,nan,nan,nan,nan,nan,nan,nan
274,Mar 17 2021,4.8879,0.04,0.02,4.1042,0.33,0.36,nan,nan,nan,nan,nan,nan,nan,nan,nan,nan,nan,nan,nan,nan,nan,nan,nan,nan,nan
275,Mar 18 2021,4.8876,-0.01,0.02,4.0931,-0.27,0.26,nan,nan,nan,nan,nan,nan,nan,nan,nan,nan,nan,nan,nan,nan,nan,nan,nan,nan,nan
276,Mar 19 2021,4.8858,-0.04,0.03,4.1067,0.33,0.25,nan,nan,nan,nan,nan,nan,nan,nan,nan,nan,nan,nan,nan,nan,nan,nan,nan,nan,nan
277,Mar 22 2021,4.885,-0.02,0.03,4.1026,-0.10,0.25,nan,nan,nan,nan,nan,nan,nan,nan,nan,nan,nan,nan,nan,nan,nan,nan,nan,nan,nan
278,Mar 23 2021,4.8888,0.08,0.04,4.1136,0.27,0.27,nan,nan,nan,nan,nan,nan,nan,nan,nan,nan,nan,nan,nan,nan,nan,nan,nan,nan,nan
279,Mar 24 2021,4.8886,0.00,0.04,4.1348,0.51,0.33,nan,nan,nan,nan,nan,nan,nan,nan,nan,nan,nan,nan,nan,nan,nan,nan,nan,nan,nan
280,Mar 25 2021,4.8884,0.00,0.04,4.1361,0.03,0.30,nan,nan,nan,nan,nan,nan,nan,nan,nan,nan,nan,nan,nan,nan,nan,nan,nan,nan,nan
281,Mar 26 2021,4.8869,-0.03,0.04,4.1472,0.27,0.29,nan,nan,nan,nan,nan,nan,nan,nan,nan,nan,nan,nan,nan,nan,nan,nan,nan,nan,nan
282,Mar 29 2021,4.8972,0.21,0.10,4.157,0.24,0.30,nan,nan,nan,nan,nan,nan,nan,nan,nan,nan,nan,nan,nan,nan,nan,nan,nan,nan,nan
283,Mar 30 2021,4.9156,0.38,0.19,4.1876,0.73,0.43,nan,nan,nan,nan,nan,nan,nan,nan,nan,nan,nan,nan,nan,nan,nan,nan,nan,nan,nan
284,Mar 31 2021,4.9251,0.19,0.21,4.1969,0.22,0.38,nan,nan,nan,nan,nan,nan,nan,nan,nan,nan,nan,nan,nan,nan,nan,nan,nan,nan,nan
285,Apr 1 2021,4.9117,-0.27,0.24,4.1836,-0.32,0.40,nan,nan,nan,nan,nan,nan,nan,nan,nan,nan,nan,nan,nan,nan,nan,nan,nan,nan,nan
286,Apr 2 2021,4.9106,-0.02,0.24,4.1684,-0.36,0.42,nan,nan,nan,nan,nan,nan,nan,nan,nan,nan,nan,nan,nan,nan,nan,nan,nan,nan,nan
287,Apr 5 2021,4.9161,0.11,0.23,4.1871,0.45,0.45,nan,nan,nan,nan,nan,nan,nan,nan,nan,nan,nan,nan,nan,nan,nan,nan,nan,nan,nan
288,Apr 6 2021,4.917,0.02,0.16,4.1629,-0.58,0.40,nan,nan,nan,nan,nan,nan,nan,nan,nan,nan,nan,nan,nan,nan,nan,nan,nan,nan,nan
289,Apr 7 2021,4.9168,0.00,0.13,4.1372,-0.62,0.48,nan,nan,nan,nan,nan,nan,nan,nan,nan,nan,nan,nan,nan,nan,nan,nan,nan,nan,nan
290,Apr 8 2021,4.9228,0.12,0.08,4.1478,0.26,0.47,nan,nan,nan,nan,nan,nan,nan,nan,nan,nan,nan,nan,nan,nan,nan,nan,nan,nan,nan
291,Apr 9 2021,4.9212,-0.03,0.08,4.1382,-0.23,0.46,nan,nan,nan,nan,nan,nan,nan,nan,nan,nan,nan,nan,nan,nan,nan,nan,nan,nan,nan
292,Apr 12 2021,4.9205,-0.01,0.06,4.1335,-0.11,0.41,nan,nan,nan,nan,nan,nan,nan,nan,nan,nan,nan,nan,nan,nan,nan,nan,nan,nan,nan
293,Apr 13 2021,4.9225,0.04,0.06,4.1367,0.08,0.32,nan,nan,nan,nan,nan,nan,nan,nan,nan,nan,nan,nan,nan,nan,nan,nan,nan,nan,nan
294,Apr 14 2021,4.9226,0.00,0.06,4.118,-0.45,0.26,nan,nan,nan,nan,nan,nan,nan,nan,nan,nan,nan,nan,nan,nan,nan,nan,nan,nan,nan
295,Apr 15 2021,4.9245,0.04,0.03,4.1111,-0.17,0.25,nan,nan,nan,nan,nan,nan,nan,nan,nan,nan,nan,nan,nan,nan,nan,nan,nan,nan,nan
296,Apr 16 2021,4.9243,0.00,0.03,4.112,0.02,0.22,nan,nan,nan,nan,nan,nan,nan,nan,nan,nan,nan,nan,nan,nan,nan,nan,nan,nan,nan
297,Apr 19 2021,4.9261,0.04,0.03,4.0937,-0.45,0.30,nan,nan,nan,nan,nan,nan,nan,nan,nan,nan,nan,nan,nan,nan,nan,nan,nan,nan,nan
298,Apr 20 2021,4.9279,0.04,0.03,4.0872,-0.16,0.30,nan,nan,nan,nan,nan,nan,nan,nan,nan,nan,nan,nan,nan,nan,nan,nan,nan,nan,nan
299,Apr 21 2021,4.926,-0.04,0.03,4.1031,0.39,0.28,nan,nan,nan,nan,nan,nan,nan,nan,nan,nan,nan,nan,nan,nan,nan,nan,nan,nan,nan
300,Apr 22 2021,4.9255,-0.01,0.03,4.0911,-0.29,0.30,nan,nan,nan,nan,nan,nan,nan,nan,nan,nan,nan,nan,nan,nan,nan,nan,nan,nan,nan
301,Apr 23 2021,4.9257,0.00,0.03,4.0852,-0.14,0.31,nan,nan,nan,nan,nan,nan,nan,nan,nan,nan,nan,nan,nan,nan,nan,nan,nan,nan,nan
302,Apr 26 2021,4.9238,-0.04,0.03,4.0694,-0.39,0.29,nan,nan,nan,nan,nan,nan,nan,nan,nan,nan,nan,nan,nan,nan,nan,nan,nan,nan,nan
303,Apr 27 2021,4.926,0.04,0.03,4.0837,0.35,0.33,nan,nan,nan,nan,nan,nan,nan,nan,nan,nan,nan,nan,nan,nan,nan,nan,nan,nan,nan
304,Apr 28 2021,4.927,0.02,0.03,4.0827,-0.02,0.28,nan,nan,nan,nan,nan,nan,nan,nan,nan,nan,nan,nan,nan,nan,nan,nan,nan,nan,nan
305,Apr 29 2021,4.9247,-0.05,0.03,4.0621,-0.51,0.33,nan,nan,nan,nan,nan,nan,nan,nan,nan,nan,nan,nan,nan,nan,nan,nan,nan,nan,nan
306,May 4 2021,4.9256,0.02,0.04,4.1011,0.96,0.54,nan,nan,nan,nan,nan,nan,nan,nan,nan,nan,nan,nan,nan,nan,nan,nan,nan,nan,nan
307,May 5 2021,4.9254,0.00,0.03,4.1035,0.06,0.51,nan,nan,nan,nan,nan,nan,nan,nan,nan,nan,nan,nan,nan,nan,nan,nan,nan,nan,nan
308,May 6 2021,4.9266,0.02,0.03,4.0881,-0.38,0.51,nan,nan,nan,nan,nan,nan,nan,nan,nan,nan,nan,nan,nan,nan,nan,nan,nan,nan,nan
309,May 7 2021,4.9262,-0.01,0.03,4.08,-0.20,0.52,nan,nan,nan,nan,nan,nan,nan,nan,nan,nan,nan,nan,nan,nan,nan,nan,nan,nan,nan
310,May 10 2021,4.9259,-0.01,0.01,4.0492,-0.76,0.58,nan,nan,nan,nan,nan,nan,nan,nan,nan,nan,nan,nan,nan,nan,nan,nan,nan,nan,nan
311,May 11 2021,4.9265,0.01,0.01,4.0491,0.00,0.39,nan,nan,nan,nan,nan,nan,nan,nan,nan,nan,nan,nan,nan,nan,nan,nan,nan,nan,nan
312,May 12 2021,4.9263,0.00,0.01,4.0559,0.17,0.40,nan,nan,nan,nan,nan,nan,nan,nan,nan,nan,nan,nan,nan,nan,nan,nan,nan,nan,nan
313,May 13 2021,4.9265,0.00,0.01,4.0823,0.65,0.46,nan,nan,nan,nan,nan,nan,nan,nan,nan,nan,nan,nan,nan,nan,nan,nan,nan,nan,nan
314,May 14 2021,4.9253,-0.02,0.01,4.0683,-0.34,0.48,nan,nan,nan,nan,nan,nan,nan,nan,nan,nan,nan,nan,nan,nan,nan,nan,nan,nan,nan
315,May 17 2021,4.9256,0.01,0.01,4.0527,-0.38,0.38,nan,nan,nan,nan,nan,nan,nan,nan,nan,nan,nan,nan,nan,nan,nan,nan,nan,nan,nan
316,May 18 2021,4.9268,0.02,0.02,4.0326,-0.50,0.44,nan,nan,nan,nan,nan,nan,nan,nan,nan,nan,nan,nan,nan,nan,nan,nan,nan,nan,nan
317,May 19 2021,4.9267,0.00,0.02,4.0341,0.04,0.43,nan,nan,nan,nan,nan,nan,nan,nan,nan,nan,nan,nan,nan,nan,nan,nan,nan,nan,nan
318,May 20 2021,4.9265,0.00,0.02,4.0426,0.21,0.33,nan,nan,nan,nan,nan,nan,nan,nan,nan,nan,nan,nan,nan,nan,nan,nan,nan,nan,nan
319,May 21 2021,4.9268,0.01,0.01,4.0281,-0.36,0.34,nan,nan,nan,nan,nan,nan,nan,nan,nan,nan,nan,nan,nan,nan,nan,nan,nan,nan,nan
320,May 24 2021,4.9261,-0.01,0.01,4.0356,0.19,0.30,nan,nan,nan,nan,nan,nan,nan,nan,nan,nan,nan,nan,nan,nan,nan,nan,nan,nan,nan
321,May 25 2021,4.9246,-0.03,0.02,4.0189,-0.41,0.28,nan,nan,nan,nan,nan,nan,nan,nan,nan,nan,nan,nan,nan,nan,nan,nan,nan,nan,nan
322,May 26 2021,4.9225,-0.04,0.02,4.02,0.03,0.28,nan,nan,nan,nan,nan,nan,nan,nan,nan,nan,nan,nan,nan,nan,nan,nan,nan,nan,nan
323,May 27 2021,4.916,-0.13,0.06,4.0325,0.31,0.29,nan,nan,nan,nan,nan,nan,nan,nan,nan,nan,nan,nan,nan,nan,nan,nan,nan,nan,nan
324,May 28 2021,4.919,0.06,0.07,4.0373,0.12,0.25,nan,nan,nan,nan,nan,nan,nan,nan,nan,nan,nan,nan,nan,nan,nan,nan,nan,nan,nan
325,May 31 2021,4.9198,0.02,0.07,4.0361,-0.03,0.24,nan,nan,nan,nan,nan,nan,nan,nan,nan,nan,nan,nan,nan,nan,nan,nan,nan,nan,nan
326,Jun 2 2021,4.9197,0.00,0.07,4.04,0.10,0.16,nan,nan,nan,nan,nan,nan,nan,nan,nan,nan,nan,nan,nan,nan,nan,nan,nan,nan,nan
327,Jun 3 2021,4.9227,0.06,0.07,4.0381,-0.05,0.16,nan,nan,nan,nan,nan,nan,nan,nan,nan,nan,nan,nan,nan,nan,nan,nan,nan,nan,nan
328,Jun 4 2021,4.9228,0.00,0.04,4.0636,0.63,0.29,nan,nan,nan,nan,nan,nan,nan,nan,nan,nan,nan,nan,nan,nan,nan,nan,nan,nan,nan
329,Jun 7 2021,4.923,0.00,0.03,4.048,-0.38,0.33,nan,nan,nan,nan,nan,nan,nan,nan,nan,nan,nan,nan,nan,nan,nan,nan,nan,nan,nan
330,Jun 8 2021,4.9229,0.00,0.03,4.0446,-0.08,0.34,nan,nan,nan,nan,nan,nan,nan,nan,nan,nan,nan,nan,nan,nan,nan,nan,nan,nan,nan
331,Jun 9 2021,4.9232,0.01,0.03,4.0392,-0.13,0.34,nan,nan,nan,nan,nan,nan,nan,nan,nan,nan,nan,nan,nan,nan,nan,nan,nan,nan,nan
332,Jun 10 2021,4.9218,-0.03,0.01,4.0459,0.17,0.35,nan,nan,nan,nan,nan,nan,nan,nan,nan,nan,nan,nan,nan,nan,nan,nan,nan,nan,nan
333,Jun 11 2021,4.9202,-0.03,0.02,4.0467,0.02,0.20,nan,nan,nan,nan,nan,nan,nan,nan,nan,nan,nan,nan,nan,nan,nan,nan,nan,nan,nan
334,Jun 14 2021,4.9188,-0.03,0.02,4.0604,0.34,0.18,nan,nan,nan,nan,nan,nan,nan,nan,nan,nan,nan,nan,nan,nan,nan,nan,nan,nan,nan
335,Jun 15 2021,4.9243,0.11,0.06,4.0623,0.05,0.18,nan,nan,nan,nan,nan,nan,nan,nan,nan,nan,nan,nan,nan,nan,nan,nan,nan,nan,nan
336,Jun 16 2021,4.9241,0.00,0.06,4.062,-0.01,0.17,nan,nan,nan,nan,nan,nan,nan,nan,nan,nan,nan,nan,nan,nan,nan,nan,nan,nan,nan
337,Jun 17 2021,4.9242,0.00,0.05,4.1226,1.48,0.68,nan,nan,nan,nan,nan,nan,nan,nan,nan,nan,nan,nan,nan,nan,nan,nan,nan,nan,nan
338,Jun 18 2021,4.925,0.02,0.05,4.134,0.28,0.69,nan,nan,nan,nan,nan,nan,nan,nan,nan,nan,nan,nan,nan,nan,nan,nan,nan,nan,nan
339,Jun 22 2021,4.9253,0.01,0.05,4.1431,0.22,0.68,nan,nan,nan,nan,nan,nan,nan,nan,nan,nan,nan,nan,nan,nan,nan,nan,nan,nan,nan
340,Jun 23 2021,4.9259,0.01,0.01,4.1259,-0.42,0.71,nan,nan,nan,nan,nan,nan,nan,nan,nan,nan,nan,nan,nan,nan,nan,nan,nan,nan,nan
341,Jun 24 2021,4.9242,-0.03,0.02,4.1233,-0.06,0.71,nan,nan,nan,nan,nan,nan,nan,nan,nan,nan,nan,nan,nan,nan,nan,nan,nan,nan,nan
342,Jun 25 2021,4.9254,0.02,0.02,4.1241,0.02,0.25,nan,nan,nan,nan,nan,nan,nan,nan,nan,nan,nan,nan,nan,nan,nan,nan,nan,nan,nan
343,Jun 28 2021,4.926,0.01,0.02,4.1256,0.04,0.21,nan,nan,nan,nan,nan,nan,nan,nan,nan,nan,nan,nan,nan,nan,nan,nan,nan,nan,nan
344,Jun 29 2021,4.9262,0.00,0.02,4.1357,0.24,0.22,nan,nan,nan,nan,nan,nan,nan,nan,nan,nan,nan,nan,nan,nan,nan,nan,nan,nan,nan
