,HU,RO,EN,county,date,value,value_perc
0,Fehér,Alba,Alba,1.0,2019-12-31,323.0,-2.0
1,Fehér,Alba,Alba,1.0,2020-01-31,246.0,-25.0
2,Fehér,Alba,Alba,1.0,2020-02-29,415.0,27.0
3,Fehér,Alba,Alba,1.0,2020-03-31,472.0,44.0
4,Fehér,Alba,Alba,1.0,2020-04-30,244.0,-26.0
5,Fehér,Alba,Alba,1.0,2020-05-31,577.0,76.0
6,Fehér,Alba,Alba,1.0,2020-06-30,498.0,52.0
7,Fehér,Alba,Alba,1.0,2020-07-31,845.0,158.0
8,Fehér,Alba,Alba,1.0,2020-08-31,501.0,53.0
9,Fehér,Alba,Alba,1.0,2020-09-30,551.0,68.0
10,Fehér,Alba,Alba,1.0,2020-10-31,828.0,152.0
11,Fehér,Alba,Alba,1.0,2020-11-30,753.0,130.0
12,Fehér,Alba,Alba,1.0,2020-12-31,631.0,92.0
13,Fehér,Alba,Alba,1.0,2021-01-31,379.0,16.0
14,Fehér,Alba,Alba,1.0,2021-02-28,626.0,91.0
15,Fehér,Alba,Alba,1.0,2021-03-31,576.0,76.0
16,Fehér,Alba,Alba,1.0,2021-04-30,435.0,33.0
17,Fehér,Alba,Alba,1.0,2021-05-31,394.0,20.0
18,Fehér,Alba,Alba,1.0,2021-06-30,448.0,37.0
19,Fehér,Alba,Alba,1.0,2021-07-31,473.0,44.0
20,Fehér,Alba,Alba,1.0,2021-08-31,394.0,20.0
21,Fehér,Alba,Alba,1.0,2021-09-30,417.0,27.0
22,Fehér,Alba,Alba,1.0,2021-10-31,528.0,61.0
23,Fehér,Alba,Alba,1.0,2021-11-30,545.0,66.0
24,Fehér,Alba,Alba,1.0,2021-12-31,668.0,104.0
25,Arad,Arad,Arad,2.0,2019-12-31,1203.0,26.0
26,Arad,Arad,Arad,2.0,2020-01-31,510.0,-47.0
27,Arad,Arad,Arad,2.0,2020-02-29,1151.0,21.0
28,Arad,Arad,Arad,2.0,2020-03-31,884.0,-7.0
29,Arad,Arad,Arad,2.0,2020-04-30,394.0,-59.0
30,Arad,Arad,Arad,2.0,2020-05-31,530.0,-44.0
31,Arad,Arad,Arad,2.0,2020-06-30,608.0,-36.0
32,Arad,Arad,Arad,2.0,2020-07-31,755.0,-21.0
33,Arad,Arad,Arad,2.0,2020-08-31,659.0,-31.0
34,Arad,Arad,Arad,2.0,2020-09-30,877.0,-8.0
35,Arad,Arad,Arad,2.0,2020-10-31,2185.0,129.0
36,Arad,Arad,Arad,2.0,2020-11-30,937.0,-2.0
37,Arad,Arad,Arad,2.0,2020-12-31,1785.0,87.0
38,Arad,Arad,Arad,2.0,2021-01-31,714.0,-25.0
39,Arad,Arad,Arad,2.0,2021-02-28,1545.0,62.0
40,Arad,Arad,Arad,2.0,2021-03-31,1621.0,70.0
41,Arad,Arad,Arad,2.0,2021-04-30,1541.0,61.0
42,Arad,Arad,Arad,2.0,2021-05-31,838.0,-12.0
43,Arad,Arad,Arad,2.0,2021-06-30,1368.0,43.0
44,Arad,Arad,Arad,2.0,2021-07-31,1685.0,77.0
45,Arad,Arad,Arad,2.0,2021-08-31,1257.0,32.0
46,Arad,Arad,Arad,2.0,2021-09-30,1247.0,31.0
47,Arad,Arad,Arad,2.0,2021-10-31,1098.0,15.0
48,Arad,Arad,Arad,2.0,2021-11-30,1144.0,20.0
49,Arad,Arad,Arad,2.0,2021-12-31,1557.0,63.0
50,Arges,Argeș,Argeș,3.0,2019-12-31,1377.0,34.0
51,Arges,Argeș,Argeș,3.0,2020-01-31,663.0,-35.0
52,Arges,Argeș,Argeș,3.0,2020-02-29,1043.0,1.0
53,Arges,Argeș,Argeș,3.0,2020-03-31,1136.0,11.0
54,Arges,Argeș,Argeș,3.0,2020-04-30,400.0,-61.0
55,Arges,Argeș,Argeș,3.0,2020-05-31,638.0,-38.0
56,Arges,Argeș,Argeș,3.0,2020-06-30,676.0,-34.0
57,Arges,Argeș,Argeș,3.0,2020-07-31,778.0,-24.0
58,Arges,Argeș,Argeș,3.0,2020-08-31,609.0,-41.0
59,Arges,Argeș,Argeș,3.0,2020-09-30,792.0,-23.0
60,Arges,Argeș,Argeș,3.0,2020-10-31,1784.0,74.0
61,Arges,Argeș,Argeș,3.0,2020-11-30,1057.0,3.0
62,Arges,Argeș,Argeș,3.0,2020-12-31,1197.0,16.0
63,Arges,Argeș,Argeș,3.0,2021-01-31,823.0,-20.0
64,Arges,Argeș,Argeș,3.0,2021-02-28,1193.0,16.0
65,Arges,Argeș,Argeș,3.0,2021-03-31,1178.0,15.0
66,Arges,Argeș,Argeș,3.0,2021-04-30,1077.0,5.0
67,Arges,Argeș,Argeș,3.0,2021-05-31,824.0,-20.0
68,Arges,Argeș,Argeș,3.0,2021-06-30,1044.0,2.0
69,Arges,Argeș,Argeș,3.0,2021-07-31,999.0,-3.0
70,Arges,Argeș,Argeș,3.0,2021-08-31,957.0,-7.0
71,Arges,Argeș,Argeș,3.0,2021-09-30,978.0,-5.0
72,Arges,Argeș,Argeș,3.0,2021-10-31,725.0,-29.0
73,Arges,Argeș,Argeș,3.0,2021-11-30,734.0,-29.0
74,Arges,Argeș,Argeș,3.0,2021-12-31,1074.0,5.0
75,Bákó,Bacău,Bacău,4.0,2019-12-31,478.0,-5.0
76,Bákó,Bacău,Bacău,4.0,2020-01-31,452.0,-10.0
77,Bákó,Bacău,Bacău,4.0,2020-02-29,584.0,16.0
78,Bákó,Bacău,Bacău,4.0,2020-03-31,445.0,-12.0
79,Bákó,Bacău,Bacău,4.0,2020-04-30,193.0,-62.0
80,Bákó,Bacău,Bacău,4.0,2020-05-31,312.0,-38.0
81,Bákó,Bacău,Bacău,4.0,2020-06-30,420.0,-17.0
82,Bákó,Bacău,Bacău,4.0,2020-07-31,763.0,51.0
83,Bákó,Bacău,Bacău,4.0,2020-08-31,780.0,55.0
84,Bákó,Bacău,Bacău,4.0,2020-09-30,1578.0,213.0
85,Bákó,Bacău,Bacău,4.0,2020-10-31,1877.0,272.0
86,Bákó,Bacău,Bacău,4.0,2020-11-30,1370.0,171.0
87,Bákó,Bacău,Bacău,4.0,2020-12-31,1509.0,199.0
88,Bákó,Bacău,Bacău,4.0,2021-01-31,953.0,89.0
89,Bákó,Bacău,Bacău,4.0,2021-02-28,718.0,42.0
90,Bákó,Bacău,Bacău,4.0,2021-03-31,1075.0,113.0
91,Bákó,Bacău,Bacău,4.0,2021-04-30,1027.0,104.0
92,Bákó,Bacău,Bacău,4.0,2021-05-31,958.0,90.0
93,Bákó,Bacău,Bacău,4.0,2021-06-30,1032.0,104.0
94,Bákó,Bacău,Bacău,4.0,2021-07-31,1403.0,178.0
95,Bákó,Bacău,Bacău,4.0,2021-08-31,1676.0,232.0
96,Bákó,Bacău,Bacău,4.0,2021-09-30,1433.0,184.0
97,Bákó,Bacău,Bacău,4.0,2021-10-31,1488.0,195.0
98,Bákó,Bacău,Bacău,4.0,2021-11-30,1100.0,118.0
99,Bákó,Bacău,Bacău,4.0,2021-12-31,1587.0,214.0
100,Bihar,Bihor,Bihor,5.0,2019-12-31,1390.0,20.0
101,Bihar,Bihor,Bihor,5.0,2020-01-31,820.0,-29.0
102,Bihar,Bihor,Bihor,5.0,2020-02-29,1278.0,10.0
103,Bihar,Bihor,Bihor,5.0,2020-03-31,1308.0,12.0
104,Bihar,Bihor,Bihor,5.0,2020-04-30,689.0,-41.0
105,Bihar,Bihor,Bihor,5.0,2020-05-31,614.0,-47.0
106,Bihar,Bihor,Bihor,5.0,2020-06-30,1266.0,9.0
107,Bihar,Bihor,Bihor,5.0,2020-07-31,1215.0,5.0
108,Bihar,Bihor,Bihor,5.0,2020-08-31,958.0,-18.0
109,Bihar,Bihor,Bihor,5.0,2020-09-30,1161.0,-0.0
110,Bihar,Bihor,Bihor,5.0,2020-10-31,2065.0,78.0
111,Bihar,Bihor,Bihor,5.0,2020-11-30,2226.0,91.0
112,Bihar,Bihor,Bihor,5.0,2020-12-31,2286.0,97.0
113,Bihar,Bihor,Bihor,5.0,2021-01-31,1550.0,33.0
114,Bihar,Bihor,Bihor,5.0,2021-02-28,1517.0,30.0
115,Bihar,Bihor,Bihor,5.0,2021-03-31,2105.0,81.0
116,Bihar,Bihor,Bihor,5.0,2021-04-30,2138.0,84.0
117,Bihar,Bihor,Bihor,5.0,2021-05-31,1749.0,50.0
118,Bihar,Bihor,Bihor,5.0,2021-06-30,2083.0,79.0
119,Bihar,Bihor,Bihor,5.0,2021-07-31,1797.0,55.0
120,Bihar,Bihor,Bihor,5.0,2021-08-31,1864.0,60.0
121,Bihar,Bihor,Bihor,5.0,2021-09-30,2224.0,91.0
122,Bihar,Bihor,Bihor,5.0,2021-10-31,2213.0,90.0
123,Bihar,Bihor,Bihor,5.0,2021-11-30,1928.0,66.0
124,Bihar,Bihor,Bihor,5.0,2021-12-31,2223.0,91.0
125,Beszterce-Naszód,Bistrița-Năsăud,Bistrița-Năsăud,6.0,2019-12-31,734.0,15.0
126,Beszterce-Naszód,Bistrița-Năsăud,Bistrița-Năsăud,6.0,2020-01-31,487.0,-24.0
127,Beszterce-Naszód,Bistrița-Năsăud,Bistrița-Năsăud,6.0,2020-02-29,696.0,9.0
128,Beszterce-Naszód,Bistrița-Năsăud,Bistrița-Năsăud,6.0,2020-03-31,414.0,-35.0
129,Beszterce-Naszód,Bistrița-Năsăud,Bistrița-Năsăud,6.0,2020-04-30,120.0,-81.0
130,Beszterce-Naszód,Bistrița-Năsăud,Bistrița-Năsăud,6.0,2020-05-31,359.0,-44.0
131,Beszterce-Naszód,Bistrița-Năsăud,Bistrița-Năsăud,6.0,2020-06-30,327.0,-49.0
132,Beszterce-Naszód,Bistrița-Năsăud,Bistrița-Năsăud,6.0,2020-07-31,470.0,-26.0
133,Beszterce-Naszód,Bistrița-Năsăud,Bistrița-Năsăud,6.0,2020-08-31,428.0,-33.0
134,Beszterce-Naszód,Bistrița-Năsăud,Bistrița-Năsăud,6.0,2020-09-30,349.0,-45.0
135,Beszterce-Naszód,Bistrița-Năsăud,Bistrița-Năsăud,6.0,2020-10-31,640.0,0.0
136,Beszterce-Naszód,Bistrița-Năsăud,Bistrița-Năsăud,6.0,2020-11-30,616.0,-4.0
137,Beszterce-Naszód,Bistrița-Năsăud,Bistrița-Năsăud,6.0,2020-12-31,655.0,3.0
138,Beszterce-Naszód,Bistrița-Năsăud,Bistrița-Năsăud,6.0,2021-01-31,445.0,-30.0
139,Beszterce-Naszód,Bistrița-Năsăud,Bistrița-Năsăud,6.0,2021-02-28,369.0,-42.0
140,Beszterce-Naszód,Bistrița-Năsăud,Bistrița-Năsăud,6.0,2021-03-31,622.0,-3.0
141,Beszterce-Naszód,Bistrița-Năsăud,Bistrița-Năsăud,6.0,2021-04-30,489.0,-23.0
142,Beszterce-Naszód,Bistrița-Năsăud,Bistrița-Năsăud,6.0,2021-05-31,463.0,-28.0
143,Beszterce-Naszód,Bistrița-Năsăud,Bistrița-Năsăud,6.0,2021-06-30,488.0,-24.0
144,Beszterce-Naszód,Bistrița-Năsăud,Bistrița-Năsăud,6.0,2021-07-31,600.0,-6.0
145,Beszterce-Naszód,Bistrița-Năsăud,Bistrița-Năsăud,6.0,2021-08-31,649.0,2.0
146,Beszterce-Naszód,Bistrița-Năsăud,Bistrița-Năsăud,6.0,2021-09-30,723.0,13.0
147,Beszterce-Naszód,Bistrița-Năsăud,Bistrița-Năsăud,6.0,2021-10-31,499.0,-22.0
148,Beszterce-Naszód,Bistrița-Năsăud,Bistrița-Năsăud,6.0,2021-11-30,573.0,-10.0
149,Beszterce-Naszód,Bistrița-Năsăud,Bistrița-Năsăud,6.0,2021-12-31,833.0,30.0
150,Botosani,Botoșani,Botoșani,7.0,2019-12-31,825.0,17.0
151,Botosani,Botoșani,Botoșani,7.0,2020-01-31,597.0,-15.0
152,Botosani,Botoșani,Botoșani,7.0,2020-02-29,696.0,-1.0
153,Botosani,Botoșani,Botoșani,7.0,2020-03-31,757.0,7.0
154,Botosani,Botoșani,Botoșani,7.0,2020-04-30,238.0,-66.0
155,Botosani,Botoșani,Botoșani,7.0,2020-05-31,477.0,-32.0
156,Botosani,Botoșani,Botoșani,7.0,2020-06-30,611.0,-13.0
157,Botosani,Botoșani,Botoșani,7.0,2020-07-31,859.0,22.0
158,Botosani,Botoșani,Botoșani,7.0,2020-08-31,826.0,17.0
159,Botosani,Botoșani,Botoșani,7.0,2020-09-30,1139.0,61.0
160,Botosani,Botoșani,Botoșani,7.0,2020-10-31,1645.0,133.0
161,Botosani,Botoșani,Botoșani,7.0,2020-11-30,658.0,-7.0
162,Botosani,Botoșani,Botoșani,7.0,2020-12-31,1140.0,61.0
163,Botosani,Botoșani,Botoșani,7.0,2021-01-31,709.0,0.0
164,Botosani,Botoșani,Botoșani,7.0,2021-02-28,490.0,-31.0
165,Botosani,Botoșani,Botoșani,7.0,2021-03-31,913.0,29.0
166,Botosani,Botoșani,Botoșani,7.0,2021-04-30,895.0,27.0
167,Botosani,Botoșani,Botoșani,7.0,2021-05-31,702.0,-1.0
168,Botosani,Botoșani,Botoșani,7.0,2021-06-30,855.0,21.0
169,Botosani,Botoșani,Botoșani,7.0,2021-07-31,942.0,33.0
170,Botosani,Botoșani,Botoșani,7.0,2021-08-31,1057.0,50.0
171,Botosani,Botoșani,Botoșani,7.0,2021-09-30,1048.0,48.0
172,Botosani,Botoșani,Botoșani,7.0,2021-10-31,967.0,37.0
173,Botosani,Botoșani,Botoșani,7.0,2021-11-30,937.0,33.0
174,Botosani,Botoșani,Botoșani,7.0,2021-12-31,1301.0,84.0
175,Braila,Brăila,Brăila,9.0,2019-12-31,649.0,1.0
176,Braila,Brăila,Brăila,9.0,2020-01-31,605.0,-6.0
177,Braila,Brăila,Brăila,9.0,2020-02-29,674.0,5.0
178,Braila,Brăila,Brăila,9.0,2020-03-31,523.0,-19.0
179,Braila,Brăila,Brăila,9.0,2020-04-30,455.0,-29.0
180,Braila,Brăila,Brăila,9.0,2020-05-31,557.0,-13.0
181,Braila,Brăila,Brăila,9.0,2020-06-30,461.0,-28.0
182,Braila,Brăila,Brăila,9.0,2020-07-31,691.0,8.0
183,Braila,Brăila,Brăila,9.0,2020-08-31,435.0,-32.0
184,Braila,Brăila,Brăila,9.0,2020-09-30,684.0,6.0
185,Braila,Brăila,Brăila,9.0,2020-10-31,935.0,45.0
186,Braila,Brăila,Brăila,9.0,2020-11-30,538.0,-16.0
187,Braila,Brăila,Brăila,9.0,2020-12-31,1043.0,62.0
188,Braila,Brăila,Brăila,9.0,2021-01-31,458.0,-29.0
189,Braila,Brăila,Brăila,9.0,2021-02-28,396.0,-38.0
190,Braila,Brăila,Brăila,9.0,2021-03-31,631.0,-2.0
191,Braila,Brăila,Brăila,9.0,2021-04-30,436.0,-32.0
192,Braila,Brăila,Brăila,9.0,2021-05-31,576.0,-10.0
193,Braila,Brăila,Brăila,9.0,2021-06-30,643.0,0.0
194,Braila,Brăila,Brăila,9.0,2021-07-31,635.0,-1.0
195,Braila,Brăila,Brăila,9.0,2021-08-31,659.0,3.0
196,Braila,Brăila,Brăila,9.0,2021-09-30,679.0,6.0
197,Braila,Brăila,Brăila,9.0,2021-10-31,729.0,13.0
198,Braila,Brăila,Brăila,9.0,2021-11-30,448.0,-30.0
199,Braila,Brăila,Brăila,9.0,2021-12-31,1179.0,83.0
200,Brassó,Brașov,Brașov,8.0,2019-12-31,3348.0,39.0
201,Brassó,Brașov,Brașov,8.0,2020-01-31,1401.0,-42.0
202,Brassó,Brașov,Brașov,8.0,2020-02-29,2452.0,2.0
203,Brassó,Brașov,Brașov,8.0,2020-03-31,1937.0,-19.0
204,Brassó,Brașov,Brașov,8.0,2020-04-30,575.0,-76.0
205,Brassó,Brașov,Brașov,8.0,2020-05-31,1543.0,-36.0
206,Brassó,Brașov,Brașov,8.0,2020-06-30,3302.0,38.0
207,Brassó,Brașov,Brașov,8.0,2020-07-31,2942.0,23.0
208,Brassó,Brașov,Brașov,8.0,2020-08-31,2605.0,9.0
209,Brassó,Brașov,Brașov,8.0,2020-09-30,2557.0,7.0
210,Brassó,Brașov,Brașov,8.0,2020-10-31,3907.0,63.0
211,Brassó,Brașov,Brașov,8.0,2020-11-30,3279.0,37.0
212,Brassó,Brașov,Brașov,8.0,2020-12-31,4793.0,100.0
213,Brassó,Brașov,Brașov,8.0,2021-01-31,2884.0,20.0
214,Brassó,Brașov,Brașov,8.0,2021-02-28,2781.0,16.0
215,Brassó,Brașov,Brașov,8.0,2021-03-31,3532.0,47.0
216,Brassó,Brașov,Brașov,8.0,2021-04-30,2748.0,14.0
217,Brassó,Brașov,Brașov,8.0,2021-05-31,2622.0,9.0
218,Brassó,Brașov,Brașov,8.0,2021-06-30,3230.0,35.0
219,Brassó,Brașov,Brașov,8.0,2021-07-31,2993.0,25.0
220,Brassó,Brașov,Brașov,8.0,2021-08-31,3772.0,57.0
221,Brassó,Brașov,Brașov,8.0,2021-09-30,3988.0,66.0
222,Brassó,Brașov,Brașov,8.0,2021-10-31,3215.0,34.0
223,Brassó,Brașov,Brașov,8.0,2021-11-30,3041.0,27.0
224,Brassó,Brașov,Brașov,8.0,2021-12-31,3648.0,52.0
225,Bukarest,București,Bucharest,10.0,2019-12-31,9822.0,22.0
226,Bukarest,București,Bucharest,10.0,2020-01-31,5229.0,-35.0
227,Bukarest,București,Bucharest,10.0,2020-02-29,9107.0,13.0
228,Bukarest,București,Bucharest,10.0,2020-03-31,10069.0,25.0
229,Bukarest,București,Bucharest,10.0,2020-04-30,6925.0,-14.0
230,Bukarest,București,Bucharest,10.0,2020-05-31,5266.0,-35.0
231,Bukarest,București,Bucharest,10.0,2020-06-30,8254.0,3.0
232,Bukarest,București,Bucharest,10.0,2020-07-31,9017.0,12.0
233,Bukarest,București,Bucharest,10.0,2020-08-31,7799.0,-3.0
234,Bukarest,București,Bucharest,10.0,2020-09-30,8886.0,10.0
235,Bukarest,București,Bucharest,10.0,2020-10-31,13623.0,69.0
236,Bukarest,București,Bucharest,10.0,2020-11-30,12132.0,51.0
237,Bukarest,București,Bucharest,10.0,2020-12-31,12967.0,61.0
238,Bukarest,București,Bucharest,10.0,2021-01-31,7635.0,-5.0
239,Bukarest,București,Bucharest,10.0,2021-02-28,8592.0,7.0
240,Bukarest,București,Bucharest,10.0,2021-03-31,10958.0,36.0
241,Bukarest,București,Bucharest,10.0,2021-04-30,9365.0,16.0
242,Bukarest,București,Bucharest,10.0,2021-05-31,9158.0,14.0
243,Bukarest,București,Bucharest,10.0,2021-06-30,9181.0,14.0
244,Bukarest,București,Bucharest,10.0,2021-07-31,10592.0,32.0
245,Bukarest,București,Bucharest,10.0,2021-08-31,10412.0,29.0
246,Bukarest,București,Bucharest,10.0,2021-09-30,11282.0,40.0
247,Bukarest,București,Bucharest,10.0,2021-10-31,11158.0,39.0
248,Bukarest,București,Bucharest,10.0,2021-11-30,9918.0,23.0
249,Bukarest,București,Bucharest,10.0,2021-12-31,14438.0,79.0
250,Buzau,Buzău,Buzău,11.0,2019-12-31,612.0,22.0
251,Buzau,Buzău,Buzău,11.0,2020-01-31,404.0,-20.0
252,Buzau,Buzău,Buzău,11.0,2020-02-29,490.0,-2.0
253,Buzau,Buzău,Buzău,11.0,2020-03-31,641.0,28.0
254,Buzau,Buzău,Buzău,11.0,2020-04-30,288.0,-43.0
255,Buzau,Buzău,Buzău,11.0,2020-05-31,439.0,-13.0
256,Buzau,Buzău,Buzău,11.0,2020-06-30,508.0,1.0
257,Buzau,Buzău,Buzău,11.0,2020-07-31,587.0,17.0
258,Buzau,Buzău,Buzău,11.0,2020-08-31,695.0,38.0
259,Buzau,Buzău,Buzău,11.0,2020-09-30,646.0,29.0
260,Buzau,Buzău,Buzău,11.0,2020-10-31,2010.0,300.0
261,Buzau,Buzău,Buzău,11.0,2020-11-30,1015.0,102.0
262,Buzau,Buzău,Buzău,11.0,2020-12-31,1546.0,208.0
263,Buzau,Buzău,Buzău,11.0,2021-01-31,981.0,95.0
264,Buzau,Buzău,Buzău,11.0,2021-02-28,856.0,71.0
265,Buzau,Buzău,Buzău,11.0,2021-03-31,1111.0,121.0
266,Buzau,Buzău,Buzău,11.0,2021-04-30,1092.0,118.0
267,Buzau,Buzău,Buzău,11.0,2021-05-31,838.0,67.0
268,Buzau,Buzău,Buzău,11.0,2021-06-30,1091.0,117.0
269,Buzau,Buzău,Buzău,11.0,2021-07-31,1149.0,129.0
270,Buzau,Buzău,Buzău,11.0,2021-08-31,1161.0,131.0
271,Buzau,Buzău,Buzău,11.0,2021-09-30,1240.0,147.0
272,Buzau,Buzău,Buzău,11.0,2021-10-31,1177.0,134.0
273,Buzau,Buzău,Buzău,11.0,2021-11-30,1219.0,143.0
274,Buzau,Buzău,Buzău,11.0,2021-12-31,1425.0,184.0
275,Calarasi,Călărași,Călărași,12.0,2019-12-31,257.0,-72.0
276,Calarasi,Călărași,Călărași,12.0,2020-01-31,2141.0,130.0
277,Calarasi,Călărași,Călărași,12.0,2020-02-29,393.0,-58.0
278,Calarasi,Călărași,Călărași,12.0,2020-03-31,601.0,-35.0
279,Calarasi,Călărași,Călărași,12.0,2020-04-30,251.0,-73.0
280,Calarasi,Călărași,Călărași,12.0,2020-05-31,413.0,-56.0
281,Calarasi,Călărași,Călărași,12.0,2020-06-30,532.0,-43.0
282,Calarasi,Călărași,Călărași,12.0,2020-07-31,607.0,-35.0
283,Calarasi,Călărași,Călărași,12.0,2020-08-31,370.0,-60.0
284,Calarasi,Călărași,Călărași,12.0,2020-09-30,543.0,-42.0
285,Calarasi,Călărași,Călărași,12.0,2020-10-31,590.0,-37.0
286,Calarasi,Călărași,Călărași,12.0,2020-11-30,278.0,-70.0
287,Calarasi,Călărași,Călărași,12.0,2020-12-31,489.0,-47.0
288,Calarasi,Călărași,Călărași,12.0,2021-01-31,308.0,-67.0
289,Calarasi,Călărași,Călărași,12.0,2021-02-28,434.0,-53.0
290,Calarasi,Călărași,Călărași,12.0,2021-03-31,419.0,-55.0
291,Calarasi,Călărași,Călărași,12.0,2021-04-30,290.0,-69.0
292,Calarasi,Călărași,Călărași,12.0,2021-05-31,112.0,-88.0
293,Calarasi,Călărași,Călărași,12.0,2021-06-30,203.0,-78.0
294,Calarasi,Călărași,Călărași,12.0,2021-07-31,237.0,-75.0
295,Calarasi,Călărași,Călărași,12.0,2021-08-31,164.0,-82.0
296,Calarasi,Călărași,Călărași,12.0,2021-09-30,261.0,-72.0
297,Calarasi,Călărași,Călărași,12.0,2021-10-31,201.0,-78.0
298,Calarasi,Călărași,Călărași,12.0,2021-11-30,221.0,-76.0
299,Calarasi,Călărași,Călărași,12.0,2021-12-31,303.0,-67.0
300,Krassó-Szörény,Caraș-Severin,Caraș-Severin,13.0,2019-12-31,301.0,-25.0
301,Krassó-Szörény,Caraș-Severin,Caraș-Severin,13.0,2020-01-31,528.0,32.0
302,Krassó-Szörény,Caraș-Severin,Caraș-Severin,13.0,2020-02-29,370.0,-7.0
303,Krassó-Szörény,Caraș-Severin,Caraș-Severin,13.0,2020-03-31,299.0,-25.0
304,Krassó-Szörény,Caraș-Severin,Caraș-Severin,13.0,2020-04-30,193.0,-52.0
305,Krassó-Szörény,Caraș-Severin,Caraș-Severin,13.0,2020-05-31,293.0,-27.0
306,Krassó-Szörény,Caraș-Severin,Caraș-Severin,13.0,2020-06-30,331.0,-17.0
307,Krassó-Szörény,Caraș-Severin,Caraș-Severin,13.0,2020-07-31,235.0,-41.0
308,Krassó-Szörény,Caraș-Severin,Caraș-Severin,13.0,2020-08-31,224.0,-44.0
309,Krassó-Szörény,Caraș-Severin,Caraș-Severin,13.0,2020-09-30,197.0,-51.0
310,Krassó-Szörény,Caraș-Severin,Caraș-Severin,13.0,2020-10-31,430.0,8.0
311,Krassó-Szörény,Caraș-Severin,Caraș-Severin,13.0,2020-11-30,227.0,-43.0
312,Krassó-Szörény,Caraș-Severin,Caraș-Severin,13.0,2020-12-31,188.0,-53.0
313,Krassó-Szörény,Caraș-Severin,Caraș-Severin,13.0,2021-01-31,186.0,-53.0
314,Krassó-Szörény,Caraș-Severin,Caraș-Severin,13.0,2021-02-28,245.0,-39.0
315,Krassó-Szörény,Caraș-Severin,Caraș-Severin,13.0,2021-03-31,322.0,-19.0
316,Krassó-Szörény,Caraș-Severin,Caraș-Severin,13.0,2021-04-30,722.0,81.0
317,Krassó-Szörény,Caraș-Severin,Caraș-Severin,13.0,2021-05-31,299.0,-25.0
318,Krassó-Szörény,Caraș-Severin,Caraș-Severin,13.0,2021-06-30,301.0,-25.0
319,Krassó-Szörény,Caraș-Severin,Caraș-Severin,13.0,2021-07-31,188.0,-53.0
320,Krassó-Szörény,Caraș-Severin,Caraș-Severin,13.0,2021-08-31,246.0,-38.0
321,Krassó-Szörény,Caraș-Severin,Caraș-Severin,13.0,2021-09-30,341.0,-15.0
322,Krassó-Szörény,Caraș-Severin,Caraș-Severin,13.0,2021-10-31,489.0,22.0
323,Krassó-Szörény,Caraș-Severin,Caraș-Severin,13.0,2021-11-30,261.0,-35.0
324,Krassó-Szörény,Caraș-Severin,Caraș-Severin,13.0,2021-12-31,485.0,21.0
325,Kolozs,Cluj,Cluj,14.0,2019-12-31,2364.0,-7.0
326,Kolozs,Cluj,Cluj,14.0,2020-01-31,1633.0,-36.0
327,Kolozs,Cluj,Cluj,14.0,2020-02-29,3625.0,43.0
328,Kolozs,Cluj,Cluj,14.0,2020-03-31,2975.0,17.0
329,Kolozs,Cluj,Cluj,14.0,2020-04-30,2013.0,-21.0
330,Kolozs,Cluj,Cluj,14.0,2020-05-31,2022.0,-20.0
331,Kolozs,Cluj,Cluj,14.0,2020-06-30,2486.0,-2.0
332,Kolozs,Cluj,Cluj,14.0,2020-07-31,3484.0,37.0
333,Kolozs,Cluj,Cluj,14.0,2020-08-31,2705.0,6.0
334,Kolozs,Cluj,Cluj,14.0,2020-09-30,2726.0,7.0
335,Kolozs,Cluj,Cluj,14.0,2020-10-31,4392.0,73.0
336,Kolozs,Cluj,Cluj,14.0,2020-11-30,3456.0,36.0
337,Kolozs,Cluj,Cluj,14.0,2020-12-31,5247.0,107.0
338,Kolozs,Cluj,Cluj,14.0,2021-01-31,2889.0,14.0
339,Kolozs,Cluj,Cluj,14.0,2021-02-28,2696.0,6.0
340,Kolozs,Cluj,Cluj,14.0,2021-03-31,3917.0,54.0
341,Kolozs,Cluj,Cluj,14.0,2021-04-30,3103.0,22.0
342,Kolozs,Cluj,Cluj,14.0,2021-05-31,2604.0,2.0
343,Kolozs,Cluj,Cluj,14.0,2021-06-30,2613.0,3.0
344,Kolozs,Cluj,Cluj,14.0,2021-07-31,3221.0,27.0
345,Kolozs,Cluj,Cluj,14.0,2021-08-31,3228.0,27.0
346,Kolozs,Cluj,Cluj,14.0,2021-09-30,3289.0,29.0
347,Kolozs,Cluj,Cluj,14.0,2021-10-31,2994.0,18.0
348,Kolozs,Cluj,Cluj,14.0,2021-11-30,3057.0,20.0
349,Kolozs,Cluj,Cluj,14.0,2021-12-31,3658.0,44.0
350,Konstanca,Constanța,Constanța,15.0,2019-12-31,2053.0,34.0
351,Konstanca,Constanța,Constanța,15.0,2020-01-31,1045.0,-32.0
352,Konstanca,Constanța,Constanța,15.0,2020-02-29,1485.0,-3.0
353,Konstanca,Constanța,Constanța,15.0,2020-03-31,1343.0,-12.0
354,Konstanca,Constanța,Constanța,15.0,2020-04-30,1359.0,-11.0
355,Konstanca,Constanța,Constanța,15.0,2020-05-31,1952.0,28.0
356,Konstanca,Constanța,Constanța,15.0,2020-06-30,1659.0,9.0
357,Konstanca,Constanța,Constanța,15.0,2020-07-31,2279.0,49.0
358,Konstanca,Constanța,Constanța,15.0,2020-08-31,1444.0,-5.0
359,Konstanca,Constanța,Constanța,15.0,2020-09-30,1806.0,18.0
360,Konstanca,Constanța,Constanța,15.0,2020-10-31,3155.0,107.0
361,Konstanca,Constanța,Constanța,15.0,2020-11-30,2185.0,43.0
362,Konstanca,Constanța,Constanța,15.0,2020-12-31,2948.0,93.0
363,Konstanca,Constanța,Constanța,15.0,2021-01-31,2147.0,41.0
364,Konstanca,Constanța,Constanța,15.0,2021-02-28,2336.0,53.0
365,Konstanca,Constanța,Constanța,15.0,2021-03-31,2977.0,95.0
366,Konstanca,Constanța,Constanța,15.0,2021-04-30,2576.0,69.0
367,Konstanca,Constanța,Constanța,15.0,2021-05-31,1979.0,30.0
368,Konstanca,Constanța,Constanța,15.0,2021-06-30,2413.0,58.0
369,Konstanca,Constanța,Constanța,15.0,2021-07-31,2855.0,87.0
370,Konstanca,Constanța,Constanța,15.0,2021-08-31,2946.0,93.0
371,Konstanca,Constanța,Constanța,15.0,2021-09-30,2588.0,69.0
372,Konstanca,Constanța,Constanța,15.0,2021-10-31,2544.0,67.0
373,Konstanca,Constanța,Constanța,15.0,2021-11-30,2321.0,52.0
374,Konstanca,Constanța,Constanța,15.0,2021-12-31,3950.0,159.0
375,Kovászna,Covasna,Covasna,16.0,2019-12-31,266.0,-4.0
376,Kovászna,Covasna,Covasna,16.0,2020-01-31,278.0,0.0
377,Kovászna,Covasna,Covasna,16.0,2020-02-29,290.0,4.0
378,Kovászna,Covasna,Covasna,16.0,2020-03-31,419.0,51.0
379,Kovászna,Covasna,Covasna,16.0,2020-04-30,91.0,-67.0
380,Kovászna,Covasna,Covasna,16.0,2020-05-31,144.0,-48.0
381,Kovászna,Covasna,Covasna,16.0,2020-06-30,280.0,1.0
382,Kovászna,Covasna,Covasna,16.0,2020-07-31,399.0,44.0
383,Kovászna,Covasna,Covasna,16.0,2020-08-31,374.0,35.0
384,Kovászna,Covasna,Covasna,16.0,2020-09-30,327.0,18.0
385,Kovászna,Covasna,Covasna,16.0,2020-10-31,391.0,41.0
386,Kovászna,Covasna,Covasna,16.0,2020-11-30,297.0,7.0
387,Kovászna,Covasna,Covasna,16.0,2020-12-31,377.0,36.0
388,Kovászna,Covasna,Covasna,16.0,2021-01-31,199.0,-28.0
389,Kovászna,Covasna,Covasna,16.0,2021-02-28,159.0,-43.0
390,Kovászna,Covasna,Covasna,16.0,2021-03-31,193.0,-31.0
391,Kovászna,Covasna,Covasna,16.0,2021-04-30,175.0,-37.0
392,Kovászna,Covasna,Covasna,16.0,2021-05-31,179.0,-36.0
393,Kovászna,Covasna,Covasna,16.0,2021-06-30,166.0,-40.0
394,Kovászna,Covasna,Covasna,16.0,2021-07-31,300.0,8.0
395,Kovászna,Covasna,Covasna,16.0,2021-08-31,212.0,-24.0
396,Kovászna,Covasna,Covasna,16.0,2021-09-30,336.0,21.0
397,Kovászna,Covasna,Covasna,16.0,2021-10-31,238.0,-14.0
398,Kovászna,Covasna,Covasna,16.0,2021-11-30,341.0,23.0
399,Kovászna,Covasna,Covasna,16.0,2021-12-31,449.0,62.0
400,Dambovita,Dâmbovița,Dâmbovița,17.0,2019-12-31,1111.0,14.0
401,Dambovita,Dâmbovița,Dâmbovița,17.0,2020-01-31,760.0,-22.0
402,Dambovita,Dâmbovița,Dâmbovița,17.0,2020-02-29,1048.0,8.0
403,Dambovita,Dâmbovița,Dâmbovița,17.0,2020-03-31,1135.0,17.0
404,Dambovita,Dâmbovița,Dâmbovița,17.0,2020-04-30,278.0,-71.0
405,Dambovita,Dâmbovița,Dâmbovița,17.0,2020-05-31,440.0,-55.0
406,Dambovita,Dâmbovița,Dâmbovița,17.0,2020-06-30,759.0,-22.0
407,Dambovita,Dâmbovița,Dâmbovița,17.0,2020-07-31,1186.0,22.0
408,Dambovita,Dâmbovița,Dâmbovița,17.0,2020-08-31,1236.0,27.0
409,Dambovita,Dâmbovița,Dâmbovița,17.0,2020-09-30,1012.0,4.0
410,Dambovita,Dâmbovița,Dâmbovița,17.0,2020-10-31,1711.0,76.0
411,Dambovita,Dâmbovița,Dâmbovița,17.0,2020-11-30,828.0,-15.0
412,Dambovita,Dâmbovița,Dâmbovița,17.0,2020-12-31,1592.0,64.0
413,Dambovita,Dâmbovița,Dâmbovița,17.0,2021-01-31,841.0,-14.0
414,Dambovita,Dâmbovița,Dâmbovița,17.0,2021-02-28,1041.0,7.0
415,Dambovita,Dâmbovița,Dâmbovița,17.0,2021-03-31,1458.0,50.0
416,Dambovita,Dâmbovița,Dâmbovița,17.0,2021-04-30,1279.0,31.0
417,Dambovita,Dâmbovița,Dâmbovița,17.0,2021-05-31,966.0,-1.0
418,Dambovita,Dâmbovița,Dâmbovița,17.0,2021-06-30,1151.0,18.0
419,Dambovita,Dâmbovița,Dâmbovița,17.0,2021-07-31,1333.0,37.0
420,Dambovita,Dâmbovița,Dâmbovița,17.0,2021-08-31,1499.0,54.0
421,Dambovita,Dâmbovița,Dâmbovița,17.0,2021-09-30,1414.0,45.0
422,Dambovita,Dâmbovița,Dâmbovița,17.0,2021-10-31,1253.0,29.0
423,Dambovita,Dâmbovița,Dâmbovița,17.0,2021-11-30,1252.0,29.0
424,Dambovita,Dâmbovița,Dâmbovița,17.0,2021-12-31,1961.0,102.0
425,Dolj,Dolj,Dolj,18.0,2019-12-31,1512.0,21.0
426,Dolj,Dolj,Dolj,18.0,2020-01-31,766.0,-39.0
427,Dolj,Dolj,Dolj,18.0,2020-02-29,1480.0,18.0
428,Dolj,Dolj,Dolj,18.0,2020-03-31,1457.0,16.0
429,Dolj,Dolj,Dolj,18.0,2020-04-30,868.0,-31.0
430,Dolj,Dolj,Dolj,18.0,2020-05-31,1018.0,-19.0
431,Dolj,Dolj,Dolj,18.0,2020-06-30,1140.0,-9.0
432,Dolj,Dolj,Dolj,18.0,2020-07-31,1382.0,10.0
433,Dolj,Dolj,Dolj,18.0,2020-08-31,1187.0,-5.0
434,Dolj,Dolj,Dolj,18.0,2020-09-30,1480.0,18.0
435,Dolj,Dolj,Dolj,18.0,2020-10-31,2341.0,87.0
436,Dolj,Dolj,Dolj,18.0,2020-11-30,1417.0,13.0
437,Dolj,Dolj,Dolj,18.0,2020-12-31,2227.0,78.0
438,Dolj,Dolj,Dolj,18.0,2021-01-31,1264.0,1.0
439,Dolj,Dolj,Dolj,18.0,2021-02-28,1411.0,13.0
440,Dolj,Dolj,Dolj,18.0,2021-03-31,1250.0,-0.0
441,Dolj,Dolj,Dolj,18.0,2021-04-30,886.0,-29.0
442,Dolj,Dolj,Dolj,18.0,2021-05-31,708.0,-43.0
443,Dolj,Dolj,Dolj,18.0,2021-06-30,716.0,-43.0
444,Dolj,Dolj,Dolj,18.0,2021-07-31,968.0,-23.0
445,Dolj,Dolj,Dolj,18.0,2021-08-31,906.0,-28.0
446,Dolj,Dolj,Dolj,18.0,2021-09-30,1176.0,-6.0
447,Dolj,Dolj,Dolj,18.0,2021-10-31,1392.0,11.0
448,Dolj,Dolj,Dolj,18.0,2021-11-30,1405.0,12.0
449,Dolj,Dolj,Dolj,18.0,2021-12-31,1629.0,30.0
450,Galac,Galați,Galați,19.0,2019-12-31,812.0,1.0
451,Galac,Galați,Galați,19.0,2020-01-31,702.0,-13.0
452,Galac,Galați,Galați,19.0,2020-02-29,907.0,12.0
453,Galac,Galați,Galați,19.0,2020-03-31,994.0,23.0
454,Galac,Galați,Galați,19.0,2020-04-30,507.0,-37.0
455,Galac,Galați,Galați,19.0,2020-05-31,488.0,-40.0
456,Galac,Galați,Galați,19.0,2020-06-30,739.0,-8.0
457,Galac,Galați,Galați,19.0,2020-07-31,969.0,20.0
458,Galac,Galați,Galați,19.0,2020-08-31,995.0,23.0
459,Galac,Galați,Galați,19.0,2020-09-30,1068.0,32.0
460,Galac,Galați,Galați,19.0,2020-10-31,1478.0,83.0
461,Galac,Galați,Galați,19.0,2020-11-30,1156.0,43.0
462,Galac,Galați,Galați,19.0,2020-12-31,1215.0,51.0
463,Galac,Galați,Galați,19.0,2021-01-31,1376.0,71.0
464,Galac,Galați,Galați,19.0,2021-02-28,820.0,2.0
465,Galac,Galați,Galați,19.0,2021-03-31,1154.0,43.0
466,Galac,Galați,Galați,19.0,2021-04-30,1011.0,25.0
467,Galac,Galați,Galați,19.0,2021-05-31,841.0,4.0
468,Galac,Galați,Galați,19.0,2021-06-30,1020.0,26.0
469,Galac,Galați,Galați,19.0,2021-07-31,1176.0,46.0
470,Galac,Galați,Galați,19.0,2021-08-31,1252.0,55.0
471,Galac,Galați,Galați,19.0,2021-09-30,1305.0,62.0
472,Galac,Galați,Galați,19.0,2021-10-31,1498.0,86.0
473,Galac,Galați,Galați,19.0,2021-11-30,1209.0,50.0
474,Galac,Galați,Galați,19.0,2021-12-31,1198.0,48.0
475,Giurgiu,Giurgiu,Giurgiu,20.0,2019-12-31,415.0,7.0
476,Giurgiu,Giurgiu,Giurgiu,20.0,2020-01-31,267.0,-31.0
477,Giurgiu,Giurgiu,Giurgiu,20.0,2020-02-29,484.0,25.0
478,Giurgiu,Giurgiu,Giurgiu,20.0,2020-03-31,501.0,29.0
479,Giurgiu,Giurgiu,Giurgiu,20.0,2020-04-30,250.0,-36.0
480,Giurgiu,Giurgiu,Giurgiu,20.0,2020-05-31,404.0,4.0
481,Giurgiu,Giurgiu,Giurgiu,20.0,2020-06-30,434.0,12.0
482,Giurgiu,Giurgiu,Giurgiu,20.0,2020-07-31,388.0,-0.0
483,Giurgiu,Giurgiu,Giurgiu,20.0,2020-08-31,363.0,-7.0
484,Giurgiu,Giurgiu,Giurgiu,20.0,2020-09-30,368.0,-5.0
485,Giurgiu,Giurgiu,Giurgiu,20.0,2020-10-31,836.0,115.0
486,Giurgiu,Giurgiu,Giurgiu,20.0,2020-11-30,517.0,33.0
487,Giurgiu,Giurgiu,Giurgiu,20.0,2020-12-31,915.0,135.0
488,Giurgiu,Giurgiu,Giurgiu,20.0,2021-01-31,442.0,14.0
489,Giurgiu,Giurgiu,Giurgiu,20.0,2021-02-28,428.0,10.0
490,Giurgiu,Giurgiu,Giurgiu,20.0,2021-03-31,535.0,38.0
491,Giurgiu,Giurgiu,Giurgiu,20.0,2021-04-30,519.0,34.0
492,Giurgiu,Giurgiu,Giurgiu,20.0,2021-05-31,437.0,12.0
493,Giurgiu,Giurgiu,Giurgiu,20.0,2021-06-30,467.0,20.0
494,Giurgiu,Giurgiu,Giurgiu,20.0,2021-07-31,594.0,53.0
495,Giurgiu,Giurgiu,Giurgiu,20.0,2021-08-31,693.0,78.0
496,Giurgiu,Giurgiu,Giurgiu,20.0,2021-09-30,670.0,72.0
497,Giurgiu,Giurgiu,Giurgiu,20.0,2021-10-31,556.0,43.0
498,Giurgiu,Giurgiu,Giurgiu,20.0,2021-11-30,572.0,47.0
499,Giurgiu,Giurgiu,Giurgiu,20.0,2021-12-31,578.0,49.0
500,Gorj,Gorj,Gorj,21.0,2019-12-31,385.0,-5.0
501,Gorj,Gorj,Gorj,21.0,2020-01-31,298.0,-26.0
502,Gorj,Gorj,Gorj,21.0,2020-02-29,529.0,31.0
503,Gorj,Gorj,Gorj,21.0,2020-03-31,397.0,-2.0
504,Gorj,Gorj,Gorj,21.0,2020-04-30,202.0,-50.0
505,Gorj,Gorj,Gorj,21.0,2020-05-31,310.0,-23.0
506,Gorj,Gorj,Gorj,21.0,2020-06-30,381.0,-6.0
507,Gorj,Gorj,Gorj,21.0,2020-07-31,593.0,47.0
508,Gorj,Gorj,Gorj,21.0,2020-08-31,540.0,34.0
509,Gorj,Gorj,Gorj,21.0,2020-09-30,533.0,32.0
510,Gorj,Gorj,Gorj,21.0,2020-10-31,692.0,71.0
511,Gorj,Gorj,Gorj,21.0,2020-11-30,549.0,36.0
512,Gorj,Gorj,Gorj,21.0,2020-12-31,740.0,83.0
513,Gorj,Gorj,Gorj,21.0,2021-01-31,537.0,33.0
514,Gorj,Gorj,Gorj,21.0,2021-02-28,457.0,13.0
515,Gorj,Gorj,Gorj,21.0,2021-03-31,547.0,35.0
516,Gorj,Gorj,Gorj,21.0,2021-04-30,569.0,41.0
517,Gorj,Gorj,Gorj,21.0,2021-05-31,505.0,25.0
518,Gorj,Gorj,Gorj,21.0,2021-06-30,504.0,25.0
519,Gorj,Gorj,Gorj,21.0,2021-07-31,538.0,33.0
520,Gorj,Gorj,Gorj,21.0,2021-08-31,588.0,46.0
521,Gorj,Gorj,Gorj,21.0,2021-09-30,639.0,58.0
522,Gorj,Gorj,Gorj,21.0,2021-10-31,639.0,58.0
523,Gorj,Gorj,Gorj,21.0,2021-11-30,575.0,42.0
524,Gorj,Gorj,Gorj,21.0,2021-12-31,690.0,71.0
525,Hargita,Harghita,Harghita,22.0,2019-12-31,703.0,14.0
526,Hargita,Harghita,Harghita,22.0,2020-01-31,461.0,-25.0
527,Hargita,Harghita,Harghita,22.0,2020-02-29,684.0,11.0
528,Hargita,Harghita,Harghita,22.0,2020-03-31,672.0,9.0
529,Hargita,Harghita,Harghita,22.0,2020-04-30,175.0,-72.0
530,Hargita,Harghita,Harghita,22.0,2020-05-31,369.0,-40.0
531,Hargita,Harghita,Harghita,22.0,2020-06-30,514.0,-17.0
532,Hargita,Harghita,Harghita,22.0,2020-07-31,772.0,25.0
533,Hargita,Harghita,Harghita,22.0,2020-08-31,622.0,1.0
534,Hargita,Harghita,Harghita,22.0,2020-09-30,789.0,28.0
535,Hargita,Harghita,Harghita,22.0,2020-10-31,975.0,58.0
536,Hargita,Harghita,Harghita,22.0,2020-11-30,649.0,5.0
537,Hargita,Harghita,Harghita,22.0,2020-12-31,812.0,32.0
538,Hargita,Harghita,Harghita,22.0,2021-01-31,520.0,-16.0
539,Hargita,Harghita,Harghita,22.0,2021-02-28,588.0,-5.0
540,Hargita,Harghita,Harghita,22.0,2021-03-31,875.0,42.0
541,Hargita,Harghita,Harghita,22.0,2021-04-30,752.0,22.0
542,Hargita,Harghita,Harghita,22.0,2021-05-31,793.0,29.0
543,Hargita,Harghita,Harghita,22.0,2021-06-30,772.0,25.0
544,Hargita,Harghita,Harghita,22.0,2021-07-31,922.0,50.0
545,Hargita,Harghita,Harghita,22.0,2021-08-31,717.0,16.0
546,Hargita,Harghita,Harghita,22.0,2021-09-30,813.0,32.0
547,Hargita,Harghita,Harghita,22.0,2021-10-31,710.0,15.0
548,Hargita,Harghita,Harghita,22.0,2021-11-30,915.0,49.0
549,Hargita,Harghita,Harghita,22.0,2021-12-31,1002.0,63.0
550,Hunyad,Hunedoara,Hunedoara,23.0,2019-12-31,474.0,-1.0
551,Hunyad,Hunedoara,Hunedoara,23.0,2020-01-31,364.0,-24.0
552,Hunyad,Hunedoara,Hunedoara,23.0,2020-02-29,598.0,25.0
553,Hunyad,Hunedoara,Hunedoara,23.0,2020-03-31,537.0,12.0
554,Hunyad,Hunedoara,Hunedoara,23.0,2020-04-30,211.0,-56.0
555,Hunyad,Hunedoara,Hunedoara,23.0,2020-05-31,234.0,-51.0
556,Hunyad,Hunedoara,Hunedoara,23.0,2020-06-30,453.0,-5.0
557,Hunyad,Hunedoara,Hunedoara,23.0,2020-07-31,712.0,49.0
558,Hunyad,Hunedoara,Hunedoara,23.0,2020-08-31,635.0,33.0
559,Hunyad,Hunedoara,Hunedoara,23.0,2020-09-30,640.0,34.0
560,Hunyad,Hunedoara,Hunedoara,23.0,2020-10-31,1035.0,116.0
561,Hunyad,Hunedoara,Hunedoara,23.0,2020-11-30,845.0,77.0
562,Hunyad,Hunedoara,Hunedoara,23.0,2020-12-31,775.0,62.0
563,Hunyad,Hunedoara,Hunedoara,23.0,2021-01-31,510.0,7.0
564,Hunyad,Hunedoara,Hunedoara,23.0,2021-02-28,755.0,58.0
565,Hunyad,Hunedoara,Hunedoara,23.0,2021-03-31,826.0,73.0
566,Hunyad,Hunedoara,Hunedoara,23.0,2021-04-30,942.0,97.0
567,Hunyad,Hunedoara,Hunedoara,23.0,2021-05-31,630.0,32.0
568,Hunyad,Hunedoara,Hunedoara,23.0,2021-06-30,806.0,68.0
569,Hunyad,Hunedoara,Hunedoara,23.0,2021-07-31,861.0,80.0
570,Hunyad,Hunedoara,Hunedoara,23.0,2021-08-31,997.0,108.0
571,Hunyad,Hunedoara,Hunedoara,23.0,2021-09-30,957.0,100.0
572,Hunyad,Hunedoara,Hunedoara,23.0,2021-10-31,944.0,97.0
573,Hunyad,Hunedoara,Hunedoara,23.0,2021-11-30,765.0,60.0
574,Hunyad,Hunedoara,Hunedoara,23.0,2021-12-31,933.0,95.0
575,Ialomita,Ialomița,Ialomița,25.0,2019-12-31,518.0,28.0
576,Ialomita,Ialomița,Ialomița,25.0,2020-01-31,221.0,-45.0
577,Ialomita,Ialomița,Ialomița,25.0,2020-02-29,471.0,17.0
578,Ialomita,Ialomița,Ialomița,25.0,2020-03-31,613.0,52.0
579,Ialomita,Ialomița,Ialomița,25.0,2020-04-30,332.0,-18.0
580,Ialomita,Ialomița,Ialomița,25.0,2020-05-31,295.0,-27.0
581,Ialomita,Ialomița,Ialomița,25.0,2020-06-30,360.0,-11.0
582,Ialomita,Ialomița,Ialomița,25.0,2020-07-31,450.0,12.0
583,Ialomita,Ialomița,Ialomița,25.0,2020-08-31,485.0,20.0
584,Ialomita,Ialomița,Ialomița,25.0,2020-09-30,421.0,4.0
585,Ialomita,Ialomița,Ialomița,25.0,2020-10-31,988.0,145.0
586,Ialomita,Ialomița,Ialomița,25.0,2020-11-30,429.0,6.0
587,Ialomita,Ialomița,Ialomița,25.0,2020-12-31,761.0,89.0
588,Ialomita,Ialomița,Ialomița,25.0,2021-01-31,546.0,35.0
589,Ialomita,Ialomița,Ialomița,25.0,2021-02-28,666.0,65.0
590,Ialomita,Ialomița,Ialomița,25.0,2021-03-31,551.0,37.0
591,Ialomita,Ialomița,Ialomița,25.0,2021-04-30,510.0,26.0
592,Ialomita,Ialomița,Ialomița,25.0,2021-05-31,418.0,4.0
593,Ialomita,Ialomița,Ialomița,25.0,2021-06-30,675.0,67.0
594,Ialomita,Ialomița,Ialomița,25.0,2021-07-31,655.0,62.0
595,Ialomita,Ialomița,Ialomița,25.0,2021-08-31,541.0,34.0
596,Ialomita,Ialomița,Ialomița,25.0,2021-09-30,735.0,82.0
597,Ialomita,Ialomița,Ialomița,25.0,2021-10-31,601.0,49.0
598,Ialomita,Ialomița,Ialomița,25.0,2021-11-30,564.0,40.0
599,Ialomita,Ialomița,Ialomița,25.0,2021-12-31,559.0,39.0
600,Iasi,Iași,Iași,24.0,2019-12-31,1979.0,27.0
601,Iasi,Iași,Iași,24.0,2020-01-31,1243.0,-20.0
602,Iasi,Iași,Iași,24.0,2020-02-29,1453.0,-7.0
603,Iasi,Iași,Iași,24.0,2020-03-31,1513.0,-3.0
604,Iasi,Iași,Iași,24.0,2020-04-30,1023.0,-34.0
605,Iasi,Iași,Iași,24.0,2020-05-31,764.0,-51.0
606,Iasi,Iași,Iași,24.0,2020-06-30,1099.0,-29.0
607,Iasi,Iași,Iași,24.0,2020-07-31,1172.0,-25.0
608,Iasi,Iași,Iași,24.0,2020-08-31,1183.0,-24.0
609,Iasi,Iași,Iași,24.0,2020-09-30,1179.0,-24.0
610,Iasi,Iași,Iași,24.0,2020-10-31,4138.0,166.0
611,Iasi,Iași,Iași,24.0,2020-11-30,3232.0,107.0
612,Iasi,Iași,Iași,24.0,2020-12-31,4141.0,166.0
613,Iasi,Iași,Iași,24.0,2021-01-31,2274.0,46.0
614,Iasi,Iași,Iași,24.0,2021-02-28,2318.0,49.0
615,Iasi,Iași,Iași,24.0,2021-03-31,3006.0,93.0
616,Iasi,Iași,Iași,24.0,2021-04-30,2820.0,81.0
617,Iasi,Iași,Iași,24.0,2021-05-31,2842.0,82.0
618,Iasi,Iași,Iași,24.0,2021-06-30,2861.0,84.0
619,Iasi,Iași,Iași,24.0,2021-07-31,2993.0,92.0
620,Iasi,Iași,Iași,24.0,2021-08-31,2931.0,88.0
621,Iasi,Iași,Iași,24.0,2021-09-30,3180.0,104.0
622,Iasi,Iași,Iași,24.0,2021-10-31,2942.0,89.0
623,Iasi,Iași,Iași,24.0,2021-11-30,2423.0,55.0
624,Iasi,Iași,Iași,24.0,2021-12-31,3030.0,94.0
625,Ilfov,Ilfov,Ilfov,26.0,2019-12-31,4181.0,-4.0
626,Ilfov,Ilfov,Ilfov,26.0,2020-01-31,4020.0,-8.0
627,Ilfov,Ilfov,Ilfov,26.0,2020-02-29,4881.0,12.0
628,Ilfov,Ilfov,Ilfov,26.0,2020-03-31,3617.0,-17.0
629,Ilfov,Ilfov,Ilfov,26.0,2020-04-30,3634.0,-17.0
630,Ilfov,Ilfov,Ilfov,26.0,2020-05-31,3838.0,-12.0
631,Ilfov,Ilfov,Ilfov,26.0,2020-06-30,7726.0,77.0
632,Ilfov,Ilfov,Ilfov,26.0,2020-07-31,3395.0,-22.0
633,Ilfov,Ilfov,Ilfov,26.0,2020-08-31,2355.0,-46.0
634,Ilfov,Ilfov,Ilfov,26.0,2020-09-30,3354.0,-23.0
635,Ilfov,Ilfov,Ilfov,26.0,2020-10-31,6281.0,44.0
636,Ilfov,Ilfov,Ilfov,26.0,2020-11-30,5498.0,26.0
637,Ilfov,Ilfov,Ilfov,26.0,2020-12-31,5734.0,31.0
638,Ilfov,Ilfov,Ilfov,26.0,2021-01-31,4876.0,12.0
639,Ilfov,Ilfov,Ilfov,26.0,2021-02-28,3986.0,-9.0
640,Ilfov,Ilfov,Ilfov,26.0,2021-03-31,4306.0,-1.0
641,Ilfov,Ilfov,Ilfov,26.0,2021-04-30,3243.0,-26.0
642,Ilfov,Ilfov,Ilfov,26.0,2021-05-31,2582.0,-41.0
643,Ilfov,Ilfov,Ilfov,26.0,2021-06-30,3002.0,-31.0
644,Ilfov,Ilfov,Ilfov,26.0,2021-07-31,2467.0,-43.0
645,Ilfov,Ilfov,Ilfov,26.0,2021-08-31,3018.0,-31.0
646,Ilfov,Ilfov,Ilfov,26.0,2021-09-30,3181.0,-27.0
647,Ilfov,Ilfov,Ilfov,26.0,2021-10-31,4226.0,-3.0
648,Ilfov,Ilfov,Ilfov,26.0,2021-11-30,4765.0,9.0
649,Ilfov,Ilfov,Ilfov,26.0,2021-12-31,4902.0,12.0
650,Máramaros,Maramureș,Maramureș,27.0,2019-12-31,867.0,0.0
651,Máramaros,Maramureș,Maramureș,27.0,2020-01-31,796.0,-8.0
652,Máramaros,Maramureș,Maramureș,27.0,2020-02-29,928.0,7.0
653,Máramaros,Maramureș,Maramureș,27.0,2020-03-31,767.0,-11.0
654,Máramaros,Maramureș,Maramureș,27.0,2020-04-30,328.0,-62.0
655,Máramaros,Maramureș,Maramureș,27.0,2020-05-31,459.0,-47.0
656,Máramaros,Maramureș,Maramureș,27.0,2020-06-30,632.0,-27.0
657,Máramaros,Maramureș,Maramureș,27.0,2020-07-31,895.0,4.0
658,Máramaros,Maramureș,Maramureș,27.0,2020-08-31,766.0,-11.0
659,Máramaros,Maramureș,Maramureș,27.0,2020-09-30,884.0,2.0
660,Máramaros,Maramureș,Maramureș,27.0,2020-10-31,994.0,15.0
661,Máramaros,Maramureș,Maramureș,27.0,2020-11-30,606.0,-30.0
662,Máramaros,Maramureș,Maramureș,27.0,2020-12-31,945.0,9.0
663,Máramaros,Maramureș,Maramureș,27.0,2021-01-31,609.0,-29.0
664,Máramaros,Maramureș,Maramureș,27.0,2021-02-28,605.0,-30.0
665,Máramaros,Maramureș,Maramureș,27.0,2021-03-31,881.0,2.0
666,Máramaros,Maramureș,Maramureș,27.0,2021-04-30,861.0,-0.0
667,Máramaros,Maramureș,Maramureș,27.0,2021-05-31,777.0,-10.0
668,Máramaros,Maramureș,Maramureș,27.0,2021-06-30,747.0,-14.0
669,Máramaros,Maramureș,Maramureș,27.0,2021-07-31,603.0,-30.0
670,Máramaros,Maramureș,Maramureș,27.0,2021-08-31,744.0,-14.0
671,Máramaros,Maramureș,Maramureș,27.0,2021-09-30,858.0,-1.0
672,Máramaros,Maramureș,Maramureș,27.0,2021-10-31,688.0,-20.0
673,Máramaros,Maramureș,Maramureș,27.0,2021-11-30,567.0,-34.0
674,Máramaros,Maramureș,Maramureș,27.0,2021-12-31,651.0,-25.0
675,Mehedinti,Mehedinți,Mehedinți,28.0,2019-12-31,442.0,19.0
676,Mehedinti,Mehedinți,Mehedinți,28.0,2020-01-31,257.0,-31.0
677,Mehedinti,Mehedinți,Mehedinți,28.0,2020-02-29,414.0,12.0
678,Mehedinti,Mehedinți,Mehedinți,28.0,2020-03-31,458.0,23.0
679,Mehedinti,Mehedinți,Mehedinți,28.0,2020-04-30,150.0,-60.0
680,Mehedinti,Mehedinți,Mehedinți,28.0,2020-05-31,267.0,-28.0
681,Mehedinti,Mehedinți,Mehedinți,28.0,2020-06-30,372.0,0.0
682,Mehedinti,Mehedinți,Mehedinți,28.0,2020-07-31,312.0,-16.0
683,Mehedinti,Mehedinți,Mehedinți,28.0,2020-08-31,450.0,21.0
684,Mehedinti,Mehedinți,Mehedinți,28.0,2020-09-30,554.0,49.0
685,Mehedinti,Mehedinți,Mehedinți,28.0,2020-10-31,930.0,151.0
686,Mehedinti,Mehedinți,Mehedinți,28.0,2020-11-30,579.0,56.0
687,Mehedinti,Mehedinți,Mehedinți,28.0,2020-12-31,783.0,111.0
688,Mehedinti,Mehedinți,Mehedinți,28.0,2021-01-31,493.0,33.0
689,Mehedinti,Mehedinți,Mehedinți,28.0,2021-02-28,432.0,16.0
690,Mehedinti,Mehedinți,Mehedinți,28.0,2021-03-31,547.0,47.0
691,Mehedinti,Mehedinți,Mehedinți,28.0,2021-04-30,539.0,45.0
692,Mehedinti,Mehedinți,Mehedinți,28.0,2021-05-31,486.0,31.0
693,Mehedinti,Mehedinți,Mehedinți,28.0,2021-06-30,527.0,42.0
694,Mehedinti,Mehedinți,Mehedinți,28.0,2021-07-31,536.0,44.0
695,Mehedinti,Mehedinți,Mehedinți,28.0,2021-08-31,680.0,83.0
696,Mehedinti,Mehedinți,Mehedinți,28.0,2021-09-30,579.0,56.0
697,Mehedinti,Mehedinți,Mehedinți,28.0,2021-10-31,552.0,49.0
698,Mehedinti,Mehedinți,Mehedinți,28.0,2021-11-30,472.0,27.0
699,Mehedinti,Mehedinți,Mehedinți,28.0,2021-12-31,593.0,60.0
700,Maros,Mureș,Mureș,29.0,2019-12-31,943.0,-2.0
701,Maros,Mureș,Mureș,29.0,2020-01-31,708.0,-27.0
702,Maros,Mureș,Mureș,29.0,2020-02-29,1246.0,29.0
703,Maros,Mureș,Mureș,29.0,2020-03-31,1394.0,44.0
704,Maros,Mureș,Mureș,29.0,2020-04-30,487.0,-50.0
705,Maros,Mureș,Mureș,29.0,2020-05-31,866.0,-10.0
706,Maros,Mureș,Mureș,29.0,2020-06-30,1005.0,4.0
707,Maros,Mureș,Mureș,29.0,2020-07-31,1228.0,27.0
708,Maros,Mureș,Mureș,29.0,2020-08-31,1599.0,66.0
709,Maros,Mureș,Mureș,29.0,2020-09-30,1151.0,19.0
710,Maros,Mureș,Mureș,29.0,2020-10-31,1319.0,37.0
711,Maros,Mureș,Mureș,29.0,2020-11-30,1069.0,11.0
712,Maros,Mureș,Mureș,29.0,2020-12-31,1370.0,42.0
713,Maros,Mureș,Mureș,29.0,2021-01-31,701.0,-27.0
714,Maros,Mureș,Mureș,29.0,2021-02-28,796.0,-18.0
715,Maros,Mureș,Mureș,29.0,2021-03-31,1370.0,42.0
716,Maros,Mureș,Mureș,29.0,2021-04-30,948.0,-2.0
717,Maros,Mureș,Mureș,29.0,2021-05-31,941.0,-3.0
718,Maros,Mureș,Mureș,29.0,2021-06-30,922.0,-5.0
719,Maros,Mureș,Mureș,29.0,2021-07-31,1097.0,14.0
720,Maros,Mureș,Mureș,29.0,2021-08-31,1032.0,7.0
721,Maros,Mureș,Mureș,29.0,2021-09-30,1114.0,15.0
722,Maros,Mureș,Mureș,29.0,2021-10-31,1170.0,21.0
723,Maros,Mureș,Mureș,29.0,2021-11-30,997.0,3.0
724,Maros,Mureș,Mureș,29.0,2021-12-31,1403.0,45.0
725,Neamt,Neamț,Neamț,30.0,2019-12-31,653.0,10.0
726,Neamt,Neamț,Neamț,30.0,2020-01-31,513.0,-13.0
727,Neamt,Neamț,Neamț,30.0,2020-02-29,611.0,3.0
728,Neamt,Neamț,Neamț,30.0,2020-03-31,702.0,19.0
729,Neamt,Neamț,Neamț,30.0,2020-04-30,208.0,-65.0
730,Neamt,Neamț,Neamț,30.0,2020-05-31,341.0,-42.0
731,Neamt,Neamț,Neamț,30.0,2020-06-30,594.0,0.0
732,Neamt,Neamț,Neamț,30.0,2020-07-31,838.0,41.0
733,Neamt,Neamț,Neamț,30.0,2020-08-31,899.0,52.0
734,Neamt,Neamț,Neamț,30.0,2020-09-30,763.0,29.0
735,Neamt,Neamț,Neamț,30.0,2020-10-31,1312.0,121.0
736,Neamt,Neamț,Neamț,30.0,2020-11-30,850.0,44.0
737,Neamt,Neamț,Neamț,30.0,2020-12-31,1255.0,112.0
738,Neamt,Neamț,Neamț,30.0,2021-01-31,734.0,24.0
739,Neamt,Neamț,Neamț,30.0,2021-02-28,794.0,34.0
740,Neamt,Neamț,Neamț,30.0,2021-03-31,894.0,51.0
741,Neamt,Neamț,Neamț,30.0,2021-04-30,829.0,40.0
742,Neamt,Neamț,Neamț,30.0,2021-05-31,814.0,37.0
743,Neamt,Neamț,Neamț,30.0,2021-06-30,1042.0,76.0
744,Neamt,Neamț,Neamț,30.0,2021-07-31,968.0,63.0
745,Neamt,Neamț,Neamț,30.0,2021-08-31,1433.0,142.0
746,Neamt,Neamț,Neamț,30.0,2021-09-30,1182.0,100.0
747,Neamt,Neamț,Neamț,30.0,2021-10-31,986.0,66.0
748,Neamt,Neamț,Neamț,30.0,2021-11-30,995.0,68.0
749,Neamt,Neamț,Neamț,30.0,2021-12-31,1247.0,111.0
750,Olt,Olt,Olt,31.0,2019-12-31,135.0,19.0
751,Olt,Olt,Olt,31.0,2020-01-31,54.0,-52.0
752,Olt,Olt,Olt,31.0,2020-02-29,151.0,33.0
753,Olt,Olt,Olt,31.0,2020-03-31,251.0,121.0
754,Olt,Olt,Olt,31.0,2020-04-30,107.0,-6.0
755,Olt,Olt,Olt,31.0,2020-05-31,381.0,236.0
756,Olt,Olt,Olt,31.0,2020-06-30,300.0,165.0
757,Olt,Olt,Olt,31.0,2020-07-31,197.0,74.0
758,Olt,Olt,Olt,31.0,2020-08-31,163.0,44.0
759,Olt,Olt,Olt,31.0,2020-09-30,87.0,-23.0
760,Olt,Olt,Olt,31.0,2020-10-31,292.0,158.0
761,Olt,Olt,Olt,31.0,2020-11-30,233.0,106.0
762,Olt,Olt,Olt,31.0,2020-12-31,236.0,108.0
763,Olt,Olt,Olt,31.0,2021-01-31,303.0,167.0
764,Olt,Olt,Olt,31.0,2021-02-28,536.0,373.0
765,Olt,Olt,Olt,31.0,2021-03-31,733.0,547.0
766,Olt,Olt,Olt,31.0,2021-04-30,612.0,440.0
767,Olt,Olt,Olt,31.0,2021-05-31,463.0,309.0
768,Olt,Olt,Olt,31.0,2021-06-30,571.0,404.0
769,Olt,Olt,Olt,31.0,2021-07-31,707.0,524.0
770,Olt,Olt,Olt,31.0,2021-08-31,331.0,192.0
771,Olt,Olt,Olt,31.0,2021-09-30,825.0,628.0
772,Olt,Olt,Olt,31.0,2021-10-31,735.0,549.0
773,Olt,Olt,Olt,31.0,2021-11-30,444.0,292.0
774,Olt,Olt,Olt,31.0,2021-12-31,651.0,474.0
775,Prahova,Prahova,Prahova,32.0,2019-12-31,1070.0,9.0
776,Prahova,Prahova,Prahova,32.0,2020-01-31,727.0,-26.0
777,Prahova,Prahova,Prahova,32.0,2020-02-29,1150.0,17.0
778,Prahova,Prahova,Prahova,32.0,2020-03-31,1093.0,11.0
779,Prahova,Prahova,Prahova,32.0,2020-04-30,478.0,-51.0
780,Prahova,Prahova,Prahova,32.0,2020-05-31,763.0,-22.0
781,Prahova,Prahova,Prahova,32.0,2020-06-30,1042.0,6.0
782,Prahova,Prahova,Prahova,32.0,2020-07-31,993.0,1.0
783,Prahova,Prahova,Prahova,32.0,2020-08-31,1096.0,12.0
784,Prahova,Prahova,Prahova,32.0,2020-09-30,1116.0,14.0
785,Prahova,Prahova,Prahova,32.0,2020-10-31,2064.0,110.0
786,Prahova,Prahova,Prahova,32.0,2020-11-30,1408.0,43.0
787,Prahova,Prahova,Prahova,32.0,2020-12-31,2216.0,126.0
788,Prahova,Prahova,Prahova,32.0,2021-01-31,1244.0,27.0
789,Prahova,Prahova,Prahova,32.0,2021-02-28,1451.0,48.0
790,Prahova,Prahova,Prahova,32.0,2021-03-31,1767.0,80.0
791,Prahova,Prahova,Prahova,32.0,2021-04-30,1454.0,48.0
792,Prahova,Prahova,Prahova,32.0,2021-05-31,1267.0,29.0
793,Prahova,Prahova,Prahova,32.0,2021-06-30,1487.0,51.0
794,Prahova,Prahova,Prahova,32.0,2021-07-31,1643.0,67.0
795,Prahova,Prahova,Prahova,32.0,2021-08-31,1644.0,67.0
796,Prahova,Prahova,Prahova,32.0,2021-09-30,1216.0,24.0
797,Prahova,Prahova,Prahova,32.0,2021-10-31,1539.0,57.0
798,Prahova,Prahova,Prahova,32.0,2021-11-30,1529.0,56.0
799,Prahova,Prahova,Prahova,32.0,2021-12-31,1696.0,73.0
800,Szilágy,Sălaj,Sălaj,33.0,2019-12-31,298.0,34.0
801,Szilágy,Sălaj,Sălaj,33.0,2020-01-31,148.0,-33.0
802,Szilágy,Sălaj,Sălaj,33.0,2020-02-29,221.0,-1.0
803,Szilágy,Sălaj,Sălaj,33.0,2020-03-31,378.0,70.0
804,Szilágy,Sălaj,Sălaj,33.0,2020-04-30,102.0,-54.0
805,Szilágy,Sălaj,Sălaj,33.0,2020-05-31,133.0,-40.0
806,Szilágy,Sălaj,Sălaj,33.0,2020-06-30,342.0,54.0
807,Szilágy,Sălaj,Sălaj,33.0,2020-07-31,395.0,78.0
808,Szilágy,Sălaj,Sălaj,33.0,2020-08-31,327.0,47.0
809,Szilágy,Sălaj,Sălaj,33.0,2020-09-30,385.0,73.0
810,Szilágy,Sălaj,Sălaj,33.0,2020-10-31,537.0,142.0
811,Szilágy,Sălaj,Sălaj,33.0,2020-11-30,337.0,52.0
812,Szilágy,Sălaj,Sălaj,33.0,2020-12-31,430.0,93.0
813,Szilágy,Sălaj,Sălaj,33.0,2021-01-31,325.0,46.0
814,Szilágy,Sălaj,Sălaj,33.0,2021-02-28,344.0,55.0
815,Szilágy,Sălaj,Sălaj,33.0,2021-03-31,435.0,96.0
816,Szilágy,Sălaj,Sălaj,33.0,2021-04-30,456.0,105.0
817,Szilágy,Sălaj,Sălaj,33.0,2021-05-31,294.0,32.0
818,Szilágy,Sălaj,Sălaj,33.0,2021-06-30,811.0,265.0
819,Szilágy,Sălaj,Sălaj,33.0,2021-07-31,466.0,110.0
820,Szilágy,Sălaj,Sălaj,33.0,2021-08-31,613.0,176.0
821,Szilágy,Sălaj,Sălaj,33.0,2021-09-30,548.0,146.0
822,Szilágy,Sălaj,Sălaj,33.0,2021-10-31,514.0,131.0
823,Szilágy,Sălaj,Sălaj,33.0,2021-11-30,400.0,80.0
824,Szilágy,Sălaj,Sălaj,33.0,2021-12-31,569.0,156.0
825,Szatmár,Satu Mare,Satu Mare,34.0,2019-12-31,947.0,6.0
826,Szatmár,Satu Mare,Satu Mare,34.0,2020-01-31,804.0,-10.0
827,Szatmár,Satu Mare,Satu Mare,34.0,2020-02-29,927.0,4.0
828,Szatmár,Satu Mare,Satu Mare,34.0,2020-03-31,965.0,8.0
829,Szatmár,Satu Mare,Satu Mare,34.0,2020-04-30,175.0,-80.0
830,Szatmár,Satu Mare,Satu Mare,34.0,2020-05-31,597.0,-33.0
831,Szatmár,Satu Mare,Satu Mare,34.0,2020-06-30,781.0,-13.0
832,Szatmár,Satu Mare,Satu Mare,34.0,2020-07-31,1008.0,13.0
833,Szatmár,Satu Mare,Satu Mare,34.0,2020-08-31,1079.0,21.0
834,Szatmár,Satu Mare,Satu Mare,34.0,2020-09-30,1078.0,21.0
835,Szatmár,Satu Mare,Satu Mare,34.0,2020-10-31,1198.0,34.0
836,Szatmár,Satu Mare,Satu Mare,34.0,2020-11-30,984.0,10.0
837,Szatmár,Satu Mare,Satu Mare,34.0,2020-12-31,1295.0,45.0
838,Szatmár,Satu Mare,Satu Mare,34.0,2021-01-31,666.0,-25.0
839,Szatmár,Satu Mare,Satu Mare,34.0,2021-02-28,849.0,-5.0
840,Szatmár,Satu Mare,Satu Mare,34.0,2021-03-31,943.0,6.0
841,Szatmár,Satu Mare,Satu Mare,34.0,2021-04-30,811.0,-9.0
842,Szatmár,Satu Mare,Satu Mare,34.0,2021-05-31,684.0,-23.0
843,Szatmár,Satu Mare,Satu Mare,34.0,2021-06-30,1104.0,24.0
844,Szatmár,Satu Mare,Satu Mare,34.0,2021-07-31,992.0,11.0
845,Szatmár,Satu Mare,Satu Mare,34.0,2021-08-31,1157.0,30.0
846,Szatmár,Satu Mare,Satu Mare,34.0,2021-09-30,1241.0,39.0
847,Szatmár,Satu Mare,Satu Mare,34.0,2021-10-31,1068.0,20.0
848,Szatmár,Satu Mare,Satu Mare,34.0,2021-11-30,964.0,8.0
849,Szatmár,Satu Mare,Satu Mare,34.0,2021-12-31,1405.0,57.0
850,Szeben,Sibiu,Sibiu,35.0,2019-12-31,651.0,13.0
851,Szeben,Sibiu,Sibiu,35.0,2020-01-31,482.0,-17.0
852,Szeben,Sibiu,Sibiu,35.0,2020-02-29,602.0,4.0
853,Szeben,Sibiu,Sibiu,35.0,2020-03-31,914.0,58.0
854,Szeben,Sibiu,Sibiu,35.0,2020-04-30,623.0,8.0
855,Szeben,Sibiu,Sibiu,35.0,2020-05-31,587.0,1.0
856,Szeben,Sibiu,Sibiu,35.0,2020-06-30,1027.0,78.0
857,Szeben,Sibiu,Sibiu,35.0,2020-07-31,846.0,46.0
858,Szeben,Sibiu,Sibiu,35.0,2020-08-31,424.0,-27.0
859,Szeben,Sibiu,Sibiu,35.0,2020-09-30,646.0,12.0
860,Szeben,Sibiu,Sibiu,35.0,2020-10-31,1141.0,97.0
861,Szeben,Sibiu,Sibiu,35.0,2020-11-30,825.0,43.0
862,Szeben,Sibiu,Sibiu,35.0,2020-12-31,1141.0,97.0
863,Szeben,Sibiu,Sibiu,35.0,2021-01-31,723.0,25.0
864,Szeben,Sibiu,Sibiu,35.0,2021-02-28,767.0,33.0
865,Szeben,Sibiu,Sibiu,35.0,2021-03-31,877.0,52.0
866,Szeben,Sibiu,Sibiu,35.0,2021-04-30,988.0,71.0
867,Szeben,Sibiu,Sibiu,35.0,2021-05-31,767.0,33.0
868,Szeben,Sibiu,Sibiu,35.0,2021-06-30,1039.0,80.0
869,Szeben,Sibiu,Sibiu,35.0,2021-07-31,1097.0,90.0
870,Szeben,Sibiu,Sibiu,35.0,2021-08-31,1300.0,125.0
871,Szeben,Sibiu,Sibiu,35.0,2021-09-30,1279.0,121.0
872,Szeben,Sibiu,Sibiu,35.0,2021-10-31,1045.0,81.0
873,Szeben,Sibiu,Sibiu,35.0,2021-11-30,1043.0,80.0
874,Szeben,Sibiu,Sibiu,35.0,2021-12-31,1110.0,92.0
875,Szucsáva,Suceava,Suceava,36.0,2019-12-31,1209.0,10.0
876,Szucsáva,Suceava,Suceava,36.0,2020-01-31,1008.0,-8.0
877,Szucsáva,Suceava,Suceava,36.0,2020-02-29,1074.0,-2.0
878,Szucsáva,Suceava,Suceava,36.0,2020-03-31,1149.0,5.0
879,Szucsáva,Suceava,Suceava,36.0,2020-04-30,315.0,-71.0
880,Szucsáva,Suceava,Suceava,36.0,2020-05-31,517.0,-53.0
881,Szucsáva,Suceava,Suceava,36.0,2020-06-30,887.0,-19.0
882,Szucsáva,Suceava,Suceava,36.0,2020-07-31,1592.0,45.0
883,Szucsáva,Suceava,Suceava,36.0,2020-08-31,1430.0,30.0
884,Szucsáva,Suceava,Suceava,36.0,2020-09-30,1327.0,21.0
885,Szucsáva,Suceava,Suceava,36.0,2020-10-31,2241.0,104.0
886,Szucsáva,Suceava,Suceava,36.0,2020-11-30,1392.0,27.0
887,Szucsáva,Suceava,Suceava,36.0,2020-12-31,2093.0,91.0
888,Szucsáva,Suceava,Suceava,36.0,2021-01-31,1546.0,41.0
889,Szucsáva,Suceava,Suceava,36.0,2021-02-28,1233.0,12.0
890,Szucsáva,Suceava,Suceava,36.0,2021-03-31,1591.0,45.0
891,Szucsáva,Suceava,Suceava,36.0,2021-04-30,1524.0,39.0
892,Szucsáva,Suceava,Suceava,36.0,2021-05-31,1274.0,16.0
893,Szucsáva,Suceava,Suceava,36.0,2021-06-30,1496.0,36.0
894,Szucsáva,Suceava,Suceava,36.0,2021-07-31,1730.0,58.0
895,Szucsáva,Suceava,Suceava,36.0,2021-08-31,2162.0,97.0
896,Szucsáva,Suceava,Suceava,36.0,2021-09-30,1948.0,78.0
897,Szucsáva,Suceava,Suceava,36.0,2021-10-31,1498.0,37.0
898,Szucsáva,Suceava,Suceava,36.0,2021-11-30,1420.0,29.0
899,Szucsáva,Suceava,Suceava,36.0,2021-12-31,2090.0,91.0
900,Teleorman,Teleorman,Teleorman,37.0,2019-12-31,505.0,7.0
901,Teleorman,Teleorman,Teleorman,37.0,2020-01-31,346.0,-27.0
902,Teleorman,Teleorman,Teleorman,37.0,2020-02-29,565.0,20.0
903,Teleorman,Teleorman,Teleorman,37.0,2020-03-31,363.0,-23.0
904,Teleorman,Teleorman,Teleorman,37.0,2020-04-30,247.0,-48.0
905,Teleorman,Teleorman,Teleorman,37.0,2020-05-31,300.0,-36.0
906,Teleorman,Teleorman,Teleorman,37.0,2020-06-30,368.0,-22.0
907,Teleorman,Teleorman,Teleorman,37.0,2020-07-31,360.0,-24.0
908,Teleorman,Teleorman,Teleorman,37.0,2020-08-31,348.0,-26.0
909,Teleorman,Teleorman,Teleorman,37.0,2020-09-30,452.0,-4.0
910,Teleorman,Teleorman,Teleorman,37.0,2020-10-31,867.0,84.0
911,Teleorman,Teleorman,Teleorman,37.0,2020-11-30,429.0,-9.0
912,Teleorman,Teleorman,Teleorman,37.0,2020-12-31,689.0,46.0
913,Teleorman,Teleorman,Teleorman,37.0,2021-01-31,531.0,12.0
914,Teleorman,Teleorman,Teleorman,37.0,2021-02-28,346.0,-27.0
915,Teleorman,Teleorman,Teleorman,37.0,2021-03-31,459.0,-3.0
916,Teleorman,Teleorman,Teleorman,37.0,2021-04-30,355.0,-25.0
917,Teleorman,Teleorman,Teleorman,37.0,2021-05-31,271.0,-43.0
918,Teleorman,Teleorman,Teleorman,37.0,2021-06-30,327.0,-31.0
919,Teleorman,Teleorman,Teleorman,37.0,2021-07-31,356.0,-25.0
920,Teleorman,Teleorman,Teleorman,37.0,2021-08-31,503.0,7.0
921,Teleorman,Teleorman,Teleorman,37.0,2021-09-30,572.0,21.0
922,Teleorman,Teleorman,Teleorman,37.0,2021-10-31,456.0,-3.0
923,Teleorman,Teleorman,Teleorman,37.0,2021-11-30,543.0,15.0
924,Teleorman,Teleorman,Teleorman,37.0,2021-12-31,560.0,19.0
925,Temes,Timiș,Timiș,38.0,2019-12-31,2805.0,19.0
926,Temes,Timiș,Timiș,38.0,2020-01-31,1827.0,-23.0
927,Temes,Timiș,Timiș,38.0,2020-02-29,2460.0,4.0
928,Temes,Timiș,Timiș,38.0,2020-03-31,2274.0,-4.0
929,Temes,Timiș,Timiș,38.0,2020-04-30,1034.0,-56.0
930,Temes,Timiș,Timiș,38.0,2020-05-31,1350.0,-43.0
931,Temes,Timiș,Timiș,38.0,2020-06-30,1922.0,-19.0
932,Temes,Timiș,Timiș,38.0,2020-07-31,2433.0,3.0
933,Temes,Timiș,Timiș,38.0,2020-08-31,2231.0,-6.0
934,Temes,Timiș,Timiș,38.0,2020-09-30,2486.0,5.0
935,Temes,Timiș,Timiș,38.0,2020-10-31,4805.0,103.0
936,Temes,Timiș,Timiș,38.0,2020-11-30,3107.0,31.0
937,Temes,Timiș,Timiș,38.0,2020-12-31,3955.0,67.0
938,Temes,Timiș,Timiș,38.0,2021-01-31,2108.0,-11.0
939,Temes,Timiș,Timiș,38.0,2021-02-28,2601.0,10.0
940,Temes,Timiș,Timiș,38.0,2021-03-31,3245.0,37.0
941,Temes,Timiș,Timiș,38.0,2021-04-30,3144.0,33.0
942,Temes,Timiș,Timiș,38.0,2021-05-31,2761.0,17.0
943,Temes,Timiș,Timiș,38.0,2021-06-30,2931.0,24.0
944,Temes,Timiș,Timiș,38.0,2021-07-31,3312.0,40.0
945,Temes,Timiș,Timiș,38.0,2021-08-31,3500.0,48.0
946,Temes,Timiș,Timiș,38.0,2021-09-30,3776.0,60.0
947,Temes,Timiș,Timiș,38.0,2021-10-31,3030.0,28.0
948,Temes,Timiș,Timiș,38.0,2021-11-30,3310.0,40.0
949,Temes,Timiș,Timiș,38.0,2021-12-31,3647.0,54.0
950,Tulcea,Tulcea,Tulcea,39.0,2019-12-31,435.0,8.0
951,Tulcea,Tulcea,Tulcea,39.0,2020-01-31,221.0,-45.0
952,Tulcea,Tulcea,Tulcea,39.0,2020-02-29,550.0,37.0
953,Tulcea,Tulcea,Tulcea,39.0,2020-03-31,586.0,46.0
954,Tulcea,Tulcea,Tulcea,39.0,2020-04-30,384.0,-4.0
955,Tulcea,Tulcea,Tulcea,39.0,2020-05-31,377.0,-6.0
956,Tulcea,Tulcea,Tulcea,39.0,2020-06-30,533.0,33.0
957,Tulcea,Tulcea,Tulcea,39.0,2020-07-31,670.0,67.0
958,Tulcea,Tulcea,Tulcea,39.0,2020-08-31,523.0,30.0
959,Tulcea,Tulcea,Tulcea,39.0,2020-09-30,509.0,27.0
960,Tulcea,Tulcea,Tulcea,39.0,2020-10-31,798.0,99.0
961,Tulcea,Tulcea,Tulcea,39.0,2020-11-30,402.0,0.0
962,Tulcea,Tulcea,Tulcea,39.0,2020-12-31,685.0,70.0
963,Tulcea,Tulcea,Tulcea,39.0,2021-01-31,498.0,24.0
964,Tulcea,Tulcea,Tulcea,39.0,2021-02-28,432.0,7.0
965,Tulcea,Tulcea,Tulcea,39.0,2021-03-31,564.0,40.0
966,Tulcea,Tulcea,Tulcea,39.0,2021-04-30,444.0,10.0
967,Tulcea,Tulcea,Tulcea,39.0,2021-05-31,344.0,-14.0
968,Tulcea,Tulcea,Tulcea,39.0,2021-06-30,481.0,20.0
969,Tulcea,Tulcea,Tulcea,39.0,2021-07-31,780.0,94.0
970,Tulcea,Tulcea,Tulcea,39.0,2021-08-31,470.0,17.0
971,Tulcea,Tulcea,Tulcea,39.0,2021-09-30,555.0,38.0
972,Tulcea,Tulcea,Tulcea,39.0,2021-10-31,408.0,1.0
973,Tulcea,Tulcea,Tulcea,39.0,2021-11-30,542.0,35.0
974,Tulcea,Tulcea,Tulcea,39.0,2021-12-31,845.0,110.0
975,Valcea,Vâlcea,Vâlcea,40.0,2019-12-31,337.0,-13.0
976,Valcea,Vâlcea,Vâlcea,40.0,2020-01-31,337.0,-13.0
977,Valcea,Vâlcea,Vâlcea,40.0,2020-02-29,490.0,26.0
978,Valcea,Vâlcea,Vâlcea,40.0,2020-03-31,348.0,-10.0
979,Valcea,Vâlcea,Vâlcea,40.0,2020-04-30,156.0,-60.0
980,Valcea,Vâlcea,Vâlcea,40.0,2020-05-31,249.0,-36.0
981,Valcea,Vâlcea,Vâlcea,40.0,2020-06-30,312.0,-20.0
982,Valcea,Vâlcea,Vâlcea,40.0,2020-07-31,491.0,27.0
983,Valcea,Vâlcea,Vâlcea,40.0,2020-08-31,432.0,11.0
984,Valcea,Vâlcea,Vâlcea,40.0,2020-09-30,608.0,57.0
985,Valcea,Vâlcea,Vâlcea,40.0,2020-10-31,1004.0,159.0
986,Valcea,Vâlcea,Vâlcea,40.0,2020-11-30,605.0,56.0
987,Valcea,Vâlcea,Vâlcea,40.0,2020-12-31,735.0,89.0
988,Valcea,Vâlcea,Vâlcea,40.0,2021-01-31,603.0,55.0
989,Valcea,Vâlcea,Vâlcea,40.0,2021-02-28,548.0,41.0
990,Valcea,Vâlcea,Vâlcea,40.0,2021-03-31,603.0,55.0
991,Valcea,Vâlcea,Vâlcea,40.0,2021-04-30,605.0,56.0
992,Valcea,Vâlcea,Vâlcea,40.0,2021-05-31,481.0,24.0
993,Valcea,Vâlcea,Vâlcea,40.0,2021-06-30,667.0,72.0
994,Valcea,Vâlcea,Vâlcea,40.0,2021-07-31,745.0,92.0
995,Valcea,Vâlcea,Vâlcea,40.0,2021-08-31,804.0,107.0
996,Valcea,Vâlcea,Vâlcea,40.0,2021-09-30,651.0,68.0
997,Valcea,Vâlcea,Vâlcea,40.0,2021-10-31,482.0,24.0
998,Valcea,Vâlcea,Vâlcea,40.0,2021-11-30,580.0,49.0
999,Valcea,Vâlcea,Vâlcea,40.0,2021-12-31,899.0,132.0
1000,Vaslui,Vaslui,Vaslui,41.0,2019-12-31,313.0,12.0
1001,Vaslui,Vaslui,Vaslui,41.0,2020-01-31,238.0,-15.0
1002,Vaslui,Vaslui,Vaslui,41.0,2020-02-29,289.0,3.0
1003,Vaslui,Vaslui,Vaslui,41.0,2020-03-31,264.0,-6.0
1004,Vaslui,Vaslui,Vaslui,41.0,2020-04-30,94.0,-66.0
1005,Vaslui,Vaslui,Vaslui,41.0,2020-05-31,239.0,-15.0
1006,Vaslui,Vaslui,Vaslui,41.0,2020-06-30,279.0,-0.0
1007,Vaslui,Vaslui,Vaslui,41.0,2020-07-31,351.0,25.0
1008,Vaslui,Vaslui,Vaslui,41.0,2020-08-31,358.0,28.0
1009,Vaslui,Vaslui,Vaslui,41.0,2020-09-30,324.0,16.0
1010,Vaslui,Vaslui,Vaslui,41.0,2020-10-31,2026.0,624.0
1011,Vaslui,Vaslui,Vaslui,41.0,2020-11-30,590.0,111.0
1012,Vaslui,Vaslui,Vaslui,41.0,2020-12-31,966.0,245.0
1013,Vaslui,Vaslui,Vaslui,41.0,2021-01-31,579.0,107.0
1014,Vaslui,Vaslui,Vaslui,41.0,2021-02-28,470.0,68.0
1015,Vaslui,Vaslui,Vaslui,41.0,2021-03-31,652.0,133.0
1016,Vaslui,Vaslui,Vaslui,41.0,2021-04-30,648.0,131.0
1017,Vaslui,Vaslui,Vaslui,41.0,2021-05-31,676.0,141.0
1018,Vaslui,Vaslui,Vaslui,41.0,2021-06-30,700.0,150.0
1019,Vaslui,Vaslui,Vaslui,41.0,2021-07-31,770.0,175.0
1020,Vaslui,Vaslui,Vaslui,41.0,2021-08-31,871.0,211.0
1021,Vaslui,Vaslui,Vaslui,41.0,2021-09-30,791.0,182.0
1022,Vaslui,Vaslui,Vaslui,41.0,2021-10-31,806.0,188.0
1023,Vaslui,Vaslui,Vaslui,41.0,2021-11-30,613.0,119.0
1024,Vaslui,Vaslui,Vaslui,41.0,2021-12-31,805.0,188.0
1025,Vrancea,Vrancea,Vrancea,42.0,2019-12-31,788.0,17.0
1026,Vrancea,Vrancea,Vrancea,42.0,2020-01-31,624.0,-7.0
1027,Vrancea,Vrancea,Vrancea,42.0,2020-02-29,609.0,-10.0
1028,Vrancea,Vrancea,Vrancea,42.0,2020-03-31,814.0,21.0
1029,Vrancea,Vrancea,Vrancea,42.0,2020-04-30,225.0,-67.0
1030,Vrancea,Vrancea,Vrancea,42.0,2020-05-31,367.0,-46.0
1031,Vrancea,Vrancea,Vrancea,42.0,2020-06-30,598.0,-11.0
1032,Vrancea,Vrancea,Vrancea,42.0,2020-07-31,599.0,-11.0
1033,Vrancea,Vrancea,Vrancea,42.0,2020-08-31,624.0,-7.0
1034,Vrancea,Vrancea,Vrancea,42.0,2020-09-30,535.0,-21.0
1035,Vrancea,Vrancea,Vrancea,42.0,2020-10-31,1215.0,80.0
1036,Vrancea,Vrancea,Vrancea,42.0,2020-11-30,623.0,-8.0
1037,Vrancea,Vrancea,Vrancea,42.0,2020-12-31,848.0,26.0
1038,Vrancea,Vrancea,Vrancea,42.0,2021-01-31,627.0,-7.0
1039,Vrancea,Vrancea,Vrancea,42.0,2021-02-28,520.0,-23.0
1040,Vrancea,Vrancea,Vrancea,42.0,2021-03-31,672.0,-0.0
1041,Vrancea,Vrancea,Vrancea,42.0,2021-04-30,711.0,6.0
1042,Vrancea,Vrancea,Vrancea,42.0,2021-05-31,456.0,-32.0
1043,Vrancea,Vrancea,Vrancea,42.0,2021-06-30,796.0,18.0
1044,Vrancea,Vrancea,Vrancea,42.0,2021-07-31,948.0,41.0
1045,Vrancea,Vrancea,Vrancea,42.0,2021-08-31,1097.0,63.0
1046,Vrancea,Vrancea,Vrancea,42.0,2021-09-30,1271.0,89.0
1047,Vrancea,Vrancea,Vrancea,42.0,2021-10-31,852.0,26.0
1048,Vrancea,Vrancea,Vrancea,42.0,2021-11-30,912.0,35.0
1049,Vrancea,Vrancea,Vrancea,42.0,2021-12-31,998.0,48.0
1050,Románia,România,Romania,,2019-12-31,50490.0,9.0
1051,Románia,România,Romania,,2020-01-31,35231.0,-19.0
1052,Románia,România,Romania,,2020-02-29,49571.0,10.0
1053,Románia,România,Romania,,2020-03-31,48379.0,13.0
1054,Románia,România,Romania,,2020-04-30,27021.0,-47.0
1055,Románia,România,Romania,,2020-05-31,32089.0,-22.0
1056,Románia,România,Romania,,2020-06-30,46818.0,1.0
1057,Románia,România,Romania,,2020-07-31,50153.0,19.0
1058,Románia,România,Romania,,2020-08-31,43762.0,7.0
1059,Románia,România,Romania,,2020-09-30,48568.0,16.0
1060,Románia,România,Romania,,2020-10-31,83675.0,109.0
1061,Románia,România,Romania,,2020-11-30,60183.0,33.0
1062,Románia,România,Romania,,2020-12-31,77355.0,78.0
1063,Románia,România,Romania,,2021-01-31,48736.0,17.0
1064,Románia,România,Romania,,2021-02-28,50147.0,23.0
1065,Románia,România,Romania,,2021-03-31,62891.0,54.0
1066,Románia,România,Romania,,2021-04-30,55569.0,42.0
1067,Románia,România,Romania,,2021-05-31,47773.0,17.0
1068,Románia,România,Romania,,2021-06-30,54781.0,43.0
1069,Románia,România,Romania,,2021-07-31,59326.0,55.0
1070,Románia,România,Romania,,2021-08-31,62137.0,56.0
1071,Románia,România,Romania,,2021-09-30,64550.0,68.0
1072,Románia,România,Romania,,2021-10-31,60853.0,55.0
1073,Románia,România,Romania,,2021-11-30,57564.0,41.0
1074,Románia,România,Romania,,2021-12-31,74429.0,83.0
